relative_path,size_bytes
2016/fire_19276074.hdf5,64186902
2016/fire_19353681.hdf5,67809549
2016/fire_19353705.hdf5,53388844
2016/fire_19355123.hdf5,85611690
2016/fire_19355143.hdf5,72562824
2016/fire_19355164.hdf5,57885492
2016/fire_19355167.hdf5,100915808
2016/fire_19355171.hdf5,72641189
2016/fire_19355193.hdf5,77055347
2016/fire_19355196.hdf5,96446636
2016/fire_19355213.hdf5,79057365
2016/fire_19355222.hdf5,90912546
2016/fire_19355281.hdf5,92787564
2016/fire_19355284.hdf5,62370324
2016/fire_19355302.hdf5,60989439
2016/fire_19355306.hdf5,62371151
2016/fire_19355386.hdf5,94620900
2016/fire_19355410.hdf5,75621632
2016/fire_19355412.hdf5,76988424
2016/fire_19355428.hdf5,79285285
2016/fire_19355447.hdf5,83290248
2016/fire_19355459.hdf5,70885384
2016/fire_19355475.hdf5,56211598
2016/fire_19355495.hdf5,62252341
2016/fire_19355510.hdf5,67564432
2016/fire_19408864.hdf5,75861248
2016/fire_19408886.hdf5,73784000
2016/fire_19408898.hdf5,57647574
2016/fire_19409013.hdf5,63316718
2016/fire_19409070.hdf5,71171754
2016/fire_19409172.hdf5,78863068
2016/fire_19409179.hdf5,82242008
2016/fire_19409211.hdf5,84906945
2016/fire_19409245.hdf5,64611141
2016/fire_19409282.hdf5,51790691
2016/fire_19410842.hdf5,131820463
2016/fire_19483085.hdf5,35688788
2016/fire_19570357.hdf5,52565621
2016/fire_19570366.hdf5,28999352
2016/fire_19570370.hdf5,51048050
2016/fire_19570373.hdf5,54529884
2016/fire_19570390.hdf5,56258530
2016/fire_19571002.hdf5,35738135
2016/fire_19571350.hdf5,68985376
2016/fire_19571721.hdf5,64228422
2016/fire_19662129.hdf5,30153300
2016/fire_19662132.hdf5,40657269
2016/fire_19662143.hdf5,33494377
2016/fire_19662168.hdf5,33330029
2016/fire_19662408.hdf5,27768756
2016/fire_19662416.hdf5,27804168
2016/fire_19662448.hdf5,28083359
2016/fire_19662454.hdf5,56659694
2016/fire_19662466.hdf5,92864827
2016/fire_19662494.hdf5,32772021
2016/fire_19662503.hdf5,45126989
2016/fire_19662543.hdf5,85121949
2016/fire_19662565.hdf5,67172784
2016/fire_19663020.hdf5,81785202
2016/fire_19663023.hdf5,55013452
2016/fire_19663025.hdf5,53490429
2016/fire_19663026.hdf5,55694532
2016/fire_19663027.hdf5,47655959
2016/fire_19791589.hdf5,35529985
2016/fire_19791598.hdf5,40895103
2016/fire_19791601.hdf5,55802843
2016/fire_19791604.hdf5,44239291
2016/fire_19791605.hdf5,29098108
2016/fire_19791606.hdf5,33740171
2016/fire_19791607.hdf5,41660890
2016/fire_19791672.hdf5,43447426
2016/fire_19791804.hdf5,41994044
2016/fire_19791811.hdf5,61043521
2016/fire_19791825.hdf5,40544761
2016/fire_19791826.hdf5,38415521
2016/fire_19791830.hdf5,54836299
2016/fire_19791860.hdf5,53975595
2016/fire_19791879.hdf5,35412825
2016/fire_19791884.hdf5,40048585
2016/fire_19791895.hdf5,40520414
2016/fire_19791905.hdf5,43016026
2016/fire_19792001.hdf5,66683392
2016/fire_19792200.hdf5,49978380
2016/fire_19792203.hdf5,65934497
2016/fire_19792240.hdf5,100150326
2016/fire_19792247.hdf5,60656571
2016/fire_19930522.hdf5,46987442
2016/fire_19930531.hdf5,21559575
2016/fire_19931009.hdf5,39403747
2016/fire_19931031.hdf5,50144963
2016/fire_20042841.hdf5,55988246
2016/fire_20043169.hdf5,44671751
2017/fire_20405811.hdf5,88134155
2017/fire_20406049.hdf5,79978864
2017/fire_20488005.hdf5,49914464
2017/fire_20488010.hdf5,69809303
2017/fire_20488034.hdf5,69665493
2017/fire_20488035.hdf5,57305578
2017/fire_20488041.hdf5,66723252
2017/fire_20488044.hdf5,80343492
2017/fire_20490031.hdf5,56155899
2017/fire_20490048.hdf5,56436260
2017/fire_20490063.hdf5,52110932
2017/fire_20490091.hdf5,46805511
2017/fire_20490111.hdf5,61337863
2017/fire_20490116.hdf5,47590809
2017/fire_20490201.hdf5,58731730
2017/fire_20490262.hdf5,62316804
2017/fire_20490273.hdf5,46494773
2017/fire_20490333.hdf5,70335989
2017/fire_20562846.hdf5,55980692
2017/fire_20564792.hdf5,48422487
2017/fire_20568194.hdf5,130799945
2017/fire_20568392.hdf5,82276717
2017/fire_20628203.hdf5,35970002
2017/fire_20700941.hdf5,32484294
2017/fire_20700973.hdf5,62684794
2017/fire_20700987.hdf5,47725510
2017/fire_20700991.hdf5,69201432
2017/fire_20701045.hdf5,54464525
2017/fire_20701051.hdf5,52330357
2017/fire_20702028.hdf5,31293936
2017/fire_20702051.hdf5,36226512
2017/fire_20702062.hdf5,39346928
2017/fire_20702066.hdf5,43169775
2017/fire_20702069.hdf5,43265709
2017/fire_20702073.hdf5,48464921
2017/fire_20702159.hdf5,50240922
2017/fire_20777134.hdf5,45207127
2017/fire_20777138.hdf5,26296267
2017/fire_20777139.hdf5,31307233
2017/fire_20777152.hdf5,53202304
2017/fire_20777158.hdf5,43724737
2017/fire_20777160.hdf5,46728250
2017/fire_20777163.hdf5,43557698
2017/fire_20777166.hdf5,31598648
2017/fire_20777168.hdf5,42451783
2017/fire_20777169.hdf5,33732392
2017/fire_20777174.hdf5,42795264
2017/fire_20777181.hdf5,37524342
2017/fire_20777195.hdf5,54937933
2017/fire_20777203.hdf5,43857721
2017/fire_20777206.hdf5,38779920
2017/fire_20777207.hdf5,44293807
2017/fire_20777381.hdf5,42664954
2017/fire_20777386.hdf5,36015994
2017/fire_20777396.hdf5,34225219
2017/fire_20777397.hdf5,54969281
2017/fire_20777401.hdf5,33629794
2017/fire_20777415.hdf5,30027753
2017/fire_20777452.hdf5,40547206
2017/fire_20777459.hdf5,40722483
2017/fire_20777477.hdf5,56104460
2017/fire_20777479.hdf5,41828258
2017/fire_20777482.hdf5,46826501
2017/fire_20777487.hdf5,38228552
2017/fire_20777488.hdf5,46915042
2017/fire_20777503.hdf5,39042155
2017/fire_20777508.hdf5,43134586
2017/fire_20777515.hdf5,41099930
2017/fire_20777516.hdf5,35109866
2017/fire_20777521.hdf5,57195161
2017/fire_20777571.hdf5,49800913
2017/fire_20778140.hdf5,32826112
2017/fire_20778144.hdf5,44413207
2017/fire_20778153.hdf5,49513272
2017/fire_20778161.hdf5,100945724
2017/fire_20778186.hdf5,35038964
2017/fire_20778199.hdf5,55532218
2017/fire_20778225.hdf5,56277907
2017/fire_20899761.hdf5,33631225
2017/fire_20899766.hdf5,32660913
2017/fire_20899777.hdf5,59930470
2017/fire_20899892.hdf5,35159880
2017/fire_20899897.hdf5,42414068
2017/fire_20899967.hdf5,52049442
2017/fire_20899970.hdf5,35981527
2017/fire_20900038.hdf5,54120619
2017/fire_20900040.hdf5,29051359
2017/fire_20900057.hdf5,41553767
2017/fire_20900085.hdf5,37404110
2017/fire_20900106.hdf5,55104356
2017/fire_20900124.hdf5,56535039
2017/fire_20900131.hdf5,58285971
2017/fire_20900160.hdf5,38741489
2017/fire_20900177.hdf5,35042956
2017/fire_20900952.hdf5,40701597
2017/fire_20900977.hdf5,84417113
2017/fire_20901021.hdf5,65627975
2017/fire_20901098.hdf5,45599398
2017/fire_20901111.hdf5,58591571
2017/fire_20901117.hdf5,50073920
2017/fire_20901127.hdf5,44209460
2017/fire_21038113.hdf5,43283666
2017/fire_21038333.hdf5,26585180
2017/fire_21158932.hdf5,26864858
2017/fire_21158939.hdf5,52396760
2017/fire_21158940.hdf5,54036917
2017/fire_21159013.hdf5,40938934
2017/fire_21265190.hdf5,47957688
2017/fire_21265453.hdf5,86631194
2017/fire_21346044.hdf5,42452193
2018/fire_21458798.hdf5,21981101
2018/fire_21458801.hdf5,23353199
2018/fire_21458806.hdf5,29863654
2018/fire_21458836.hdf5,58348516
2018/fire_21458848.hdf5,32585706
2018/fire_21459234.hdf5,30895743
2018/fire_21459239.hdf5,31366246
2018/fire_21459242.hdf5,33712071
2018/fire_21459249.hdf5,41906075
2018/fire_21459253.hdf5,35748651
2018/fire_21538827.hdf5,29614485
2018/fire_21615465.hdf5,36586510
2018/fire_21615469.hdf5,26799488
2018/fire_21617464.hdf5,28005109
2018/fire_21688910.hdf5,41262199
2018/fire_21688916.hdf5,76527168
2018/fire_21690064.hdf5,54597550
2018/fire_21690071.hdf5,40817824
2018/fire_21690073.hdf5,39397621
2018/fire_21690102.hdf5,58151393
2018/fire_21693353.hdf5,43086296
2018/fire_21748766.hdf5,26338104
2018/fire_21748783.hdf5,38787193
2018/fire_21748798.hdf5,25345168
2018/fire_21748801.hdf5,96560338
2018/fire_21748813.hdf5,33556506
2018/fire_21751303.hdf5,122165372
2018/fire_21751305.hdf5,45897884
2018/fire_21751315.hdf5,33893935
2018/fire_21804572.hdf5,18963078
2018/fire_21804577.hdf5,24949126
2018/fire_21804582.hdf5,28703873
2018/fire_21804588.hdf5,27254015
2018/fire_21804589.hdf5,32268120
2018/fire_21804590.hdf5,19136132
2018/fire_21804877.hdf5,17595636
2018/fire_21804883.hdf5,21396168
2018/fire_21804884.hdf5,27103857
2018/fire_21804893.hdf5,28183273
2018/fire_21804895.hdf5,58997827
2018/fire_21804899.hdf5,43746825
2018/fire_21804942.hdf5,63574274
2018/fire_21804961.hdf5,58386226
2018/fire_21804975.hdf5,32732696
2018/fire_21804980.hdf5,26660277
2018/fire_21804985.hdf5,53602977
2018/fire_21805022.hdf5,36904200
2018/fire_21889672.hdf5,52534121
2018/fire_21889679.hdf5,26198169
2018/fire_21889682.hdf5,29145934
2018/fire_21889683.hdf5,50975818
2018/fire_21889697.hdf5,132975467
2018/fire_21889717.hdf5,22633919
2018/fire_21889719.hdf5,94768416
2018/fire_21889734.hdf5,58050387
2018/fire_21889744.hdf5,27059835
2018/fire_21889750.hdf5,28495020
2018/fire_21889754.hdf5,81732184
2018/fire_21889763.hdf5,34730607
2018/fire_21889779.hdf5,73730527
2018/fire_21889798.hdf5,42301505
2018/fire_21889808.hdf5,41033285
2018/fire_21889826.hdf5,37865024
2018/fire_21889943.hdf5,67139106
2018/fire_21889947.hdf5,20225730
2018/fire_21889953.hdf5,22433008
2018/fire_21889957.hdf5,23622468
2018/fire_21889986.hdf5,24267714
2018/fire_21889990.hdf5,21241479
2018/fire_21889992.hdf5,23505545
2018/fire_21889994.hdf5,27769579
2018/fire_21889995.hdf5,24216080
2018/fire_21889997.hdf5,34244458
2018/fire_21890003.hdf5,73319795
2018/fire_21890007.hdf5,52394459
2018/fire_21890009.hdf5,48041386
2018/fire_21890010.hdf5,28216051
2018/fire_21890013.hdf5,40375378
2018/fire_21890019.hdf5,31004839
2018/fire_21890024.hdf5,46923978
2018/fire_21890033.hdf5,25646083
2018/fire_21890054.hdf5,23327774
2018/fire_21890056.hdf5,31890401
2018/fire_21890058.hdf5,24259089
2018/fire_21890063.hdf5,19040869
2018/fire_21890065.hdf5,24595259
2018/fire_21890069.hdf5,37833290
2018/fire_21890072.hdf5,34195436
2018/fire_21890078.hdf5,20244372
2018/fire_21890087.hdf5,22618691
2018/fire_21890091.hdf5,36997673
2018/fire_21890098.hdf5,22236910
2018/fire_21890100.hdf5,35401598
2018/fire_21890101.hdf5,22393804
2018/fire_21890103.hdf5,30181732
2018/fire_21890106.hdf5,32924738
2018/fire_21890109.hdf5,41398295
2018/fire_21890111.hdf5,79557385
2018/fire_21890115.hdf5,49588119
2018/fire_21890134.hdf5,38850721
2018/fire_21890137.hdf5,85275513
2018/fire_21890143.hdf5,64845896
2018/fire_21890160.hdf5,81769791
2018/fire_21890170.hdf5,65874891
2018/fire_21890208.hdf5,45103907
2018/fire_21890515.hdf5,41361693
2018/fire_21890524.hdf5,77558860
2018/fire_21890643.hdf5,29490770
2018/fire_21997770.hdf5,33667446
2018/fire_21997775.hdf5,74588100
2018/fire_21997828.hdf5,54668778
2018/fire_21997844.hdf5,40463799
2018/fire_21997851.hdf5,38961924
2018/fire_21997854.hdf5,15875221
2018/fire_21997864.hdf5,29748291
2018/fire_21998023.hdf5,25563376
2018/fire_21998081.hdf5,20611901
2018/fire_21998095.hdf5,39216474
2018/fire_21998097.hdf5,30186512
2018/fire_21998100.hdf5,19474623
2018/fire_21998103.hdf5,41493678
2018/fire_21998119.hdf5,28031257
2018/fire_21998143.hdf5,22277472
2018/fire_21998152.hdf5,28529374
2018/fire_21998157.hdf5,28196522
2018/fire_21998187.hdf5,46688647
2018/fire_21998227.hdf5,21268023
2018/fire_21998230.hdf5,36130212
2018/fire_21998255.hdf5,43110139
2018/fire_21998263.hdf5,28745262
2018/fire_21998264.hdf5,51037065
2018/fire_21998265.hdf5,26078973
2018/fire_21998287.hdf5,25847344
2018/fire_21998291.hdf5,22796832
2018/fire_21998299.hdf5,56633023
2018/fire_21998313.hdf5,72974513
2018/fire_21999251.hdf5,43720196
2018/fire_21999260.hdf5,46875616
2018/fire_21999270.hdf5,66127656
2018/fire_21999273.hdf5,45167626
2018/fire_21999299.hdf5,48690764
2018/fire_21999321.hdf5,24867334
2018/fire_21999351.hdf5,40964694
2018/fire_21999354.hdf5,53812050
2018/fire_21999381.hdf5,64931947
2018/fire_22141195.hdf5,31141897
2018/fire_22141243.hdf5,27803699
2018/fire_22141327.hdf5,23673815
2018/fire_22141343.hdf5,23476798
2018/fire_22141356.hdf5,31749148
2018/fire_22141426.hdf5,21447602
2018/fire_22141445.hdf5,23457672
2018/fire_22141461.hdf5,34041539
2018/fire_22141465.hdf5,30778402
2018/fire_22141509.hdf5,49180393
2018/fire_22141528.hdf5,36594799
2018/fire_22141554.hdf5,22846094
2018/fire_22141566.hdf5,29147742
2018/fire_22141567.hdf5,37705112
2018/fire_22141571.hdf5,37906694
2018/fire_22141572.hdf5,22611939
2018/fire_22141576.hdf5,33205316
2018/fire_22141577.hdf5,43646273
2018/fire_22141585.hdf5,61590942
2018/fire_22141596.hdf5,59044706
2018/fire_22141683.hdf5,46759993
2018/fire_22257882.hdf5,28536316
2018/fire_22257911.hdf5,16459484
2018/fire_22257961.hdf5,23080041
2018/fire_22258087.hdf5,33424196
2018/fire_22258318.hdf5,29792942
2018/fire_22258421.hdf5,46909511
2018/fire_22343661.hdf5,30779047
2018/fire_22343666.hdf5,20340722
2018/fire_22343688.hdf5,24454500
2018/fire_22343689.hdf5,13945424
2019/fire_22710141.hdf5,29636961
2019/fire_22863125.hdf5,30751644
2019/fire_22863172.hdf5,73688119
2019/fire_22938746.hdf5,27478930
2019/fire_22938749.hdf5,68763630
2019/fire_22939556.hdf5,28437985
2019/fire_22939600.hdf5,67151640
2019/fire_23036522.hdf5,25290027
2019/fire_23036523.hdf5,20682947
2019/fire_23036542.hdf5,22073275
2019/fire_23036559.hdf5,28032438
2019/fire_23036564.hdf5,53242709
2019/fire_23036565.hdf5,41759836
2019/fire_23036575.hdf5,42573291
2019/fire_23036803.hdf5,19915393
2019/fire_23036804.hdf5,21982623
2019/fire_23036806.hdf5,21518999
2019/fire_23036860.hdf5,60172797
2019/fire_23036871.hdf5,32346230
2019/fire_23036877.hdf5,26785681
2019/fire_23037423.hdf5,31355633
2019/fire_23037424.hdf5,36384454
2019/fire_23037431.hdf5,29733209
2019/fire_23159633.hdf5,50830319
2019/fire_23159637.hdf5,43381695
2019/fire_23159642.hdf5,54773610
2019/fire_23159647.hdf5,69851646
2019/fire_23159657.hdf5,37146416
2019/fire_23159787.hdf5,41981012
2019/fire_23159789.hdf5,36293039
2019/fire_23159792.hdf5,50548626
2019/fire_23159821.hdf5,37230801
2019/fire_23159836.hdf5,28268479
2019/fire_23159838.hdf5,21153110
2019/fire_23159841.hdf5,28672000
2019/fire_23159842.hdf5,28222043
2019/fire_23159847.hdf5,29484098
2019/fire_23159853.hdf5,24332435
2019/fire_23159855.hdf5,27743900
2019/fire_23159860.hdf5,29042346
2019/fire_23159862.hdf5,29314461
2019/fire_23160475.hdf5,39053953
2019/fire_23160488.hdf5,39870047
2019/fire_23160511.hdf5,46106329
2019/fire_23300665.hdf5,18063345
2019/fire_23300668.hdf5,19355622
2019/fire_23300669.hdf5,38094500
2019/fire_23300689.hdf5,37342980
2019/fire_23300699.hdf5,46396275
2019/fire_23300712.hdf5,50597820
2019/fire_23300741.hdf5,41315755
2019/fire_23300744.hdf5,23592814
2019/fire_23300839.hdf5,41637240
2019/fire_23300861.hdf5,41304457
2019/fire_23300886.hdf5,30874033
2019/fire_23301037.hdf5,28502838
2019/fire_23301046.hdf5,35144672
2019/fire_23301095.hdf5,37257728
2019/fire_23301101.hdf5,59901246
2019/fire_23301106.hdf5,30530108
2019/fire_23301386.hdf5,23462690
2019/fire_23301395.hdf5,46858404
2019/fire_23410594.hdf5,26493963
2019/fire_23410601.hdf5,24601322
2019/fire_23410607.hdf5,34239230
2019/fire_23410616.hdf5,34069759
2019/fire_23410617.hdf5,31037387
2019/fire_23410619.hdf5,20460995
2019/fire_23410720.hdf5,21141372
2019/fire_23493973.hdf5,29340808
2019/fire_23493978.hdf5,37950318
2019/fire_23493983.hdf5,33362695
2019/fire_23493986.hdf5,37792630
2019/fire_23572745.hdf5,20701056
2020/fire_23654679.hdf5,67670907
2020/fire_23756984.hdf5,20956527
2020/fire_23757491.hdf5,24463834
2020/fire_23757522.hdf5,58720882
2020/fire_23947000.hdf5,51115571
2020/fire_24025599.hdf5,21592496
2020/fire_24025601.hdf5,30259405
2020/fire_24025605.hdf5,34138295
2020/fire_24025610.hdf5,39217894
2020/fire_24027563.hdf5,34453680
2020/fire_24027566.hdf5,28089572
2020/fire_24027570.hdf5,27190332
2020/fire_24027580.hdf5,42677304
2020/fire_24103545.hdf5,20061425
2020/fire_24103557.hdf5,61387901
2020/fire_24103560.hdf5,28512448
2020/fire_24103561.hdf5,21448516
2020/fire_24103571.hdf5,55053761
2020/fire_24103572.hdf5,22694650
2020/fire_24103581.hdf5,39515019
2020/fire_24103582.hdf5,72141024
2020/fire_24103584.hdf5,26362941
2020/fire_24103590.hdf5,28705552
2020/fire_24104628.hdf5,21927058
2020/fire_24104631.hdf5,36760581
2020/fire_24104636.hdf5,27180582
2020/fire_24104639.hdf5,25022800
2020/fire_24104640.hdf5,37899709
2020/fire_24104644.hdf5,30112268
2020/fire_24104654.hdf5,34266221
2020/fire_24104658.hdf5,37273119
2020/fire_24104674.hdf5,57480601
2020/fire_24104857.hdf5,49978112
2020/fire_24191347.hdf5,29533754
2020/fire_24191357.hdf5,30546548
2020/fire_24191360.hdf5,23318853
2020/fire_24191363.hdf5,29816429
2020/fire_24191364.hdf5,16704120
2020/fire_24191372.hdf5,28218544
2020/fire_24191373.hdf5,24802214
2020/fire_24191375.hdf5,20742469
2020/fire_24191376.hdf5,33779288
2020/fire_24191377.hdf5,22986153
2020/fire_24191384.hdf5,18136617
2020/fire_24191389.hdf5,41326641
2020/fire_24191393.hdf5,28166715
2020/fire_24191395.hdf5,24968870
2020/fire_24191402.hdf5,18613920
2020/fire_24191411.hdf5,32507034
2020/fire_24191418.hdf5,38813981
2020/fire_24191419.hdf5,33287842
2020/fire_24191423.hdf5,54999715
2020/fire_24191427.hdf5,58176263
2020/fire_24191673.hdf5,23296220
2020/fire_24191680.hdf5,27689875
2020/fire_24191728.hdf5,21887601
2020/fire_24191741.hdf5,33563809
2020/fire_24191743.hdf5,33063870
2020/fire_24191756.hdf5,31145607
2020/fire_24191760.hdf5,35609438
2020/fire_24191933.hdf5,23995076
2020/fire_24191943.hdf5,31931230
2020/fire_24191979.hdf5,35855607
2020/fire_24332591.hdf5,50102041
2020/fire_24332592.hdf5,49042319
2020/fire_24332600.hdf5,28746793
2020/fire_24332608.hdf5,84911542
2020/fire_24332619.hdf5,22884874
2020/fire_24332622.hdf5,45213893
2020/fire_24332628.hdf5,109342448
2020/fire_24332647.hdf5,93507947
2020/fire_24332676.hdf5,26920318
2020/fire_24332700.hdf5,42849999
2020/fire_24332702.hdf5,25496502
2020/fire_24332704.hdf5,45789795
2020/fire_24332728.hdf5,33667764
2020/fire_24332731.hdf5,24693047
2020/fire_24332732.hdf5,48213904
2020/fire_24332746.hdf5,26158380
2020/fire_24332760.hdf5,25853526
2020/fire_24332761.hdf5,21042522
2020/fire_24332763.hdf5,110754866
2020/fire_24332764.hdf5,58543533
2020/fire_24332768.hdf5,23295917
2020/fire_24332776.hdf5,28533276
2020/fire_24332779.hdf5,30797784
2020/fire_24332783.hdf5,26026362
2020/fire_24332784.hdf5,35306869
2020/fire_24332785.hdf5,39999617
2020/fire_24332787.hdf5,39720950
2020/fire_24332791.hdf5,27632355
2020/fire_24332793.hdf5,36004655
2020/fire_24332796.hdf5,38252607
2020/fire_24332798.hdf5,36733985
2020/fire_24332800.hdf5,31677745
2020/fire_24332801.hdf5,49891679
2020/fire_24332803.hdf5,40435990
2020/fire_24332808.hdf5,30787841
2020/fire_24332815.hdf5,36433558
2020/fire_24332872.hdf5,30167504
2020/fire_24332880.hdf5,30407630
2020/fire_24332885.hdf5,22441832
2020/fire_24332894.hdf5,19857455
2020/fire_24332922.hdf5,52526015
2020/fire_24332923.hdf5,41318366
2020/fire_24332925.hdf5,65280856
2020/fire_24332933.hdf5,34937849
2020/fire_24332934.hdf5,73080649
2020/fire_24332939.hdf5,68622796
2020/fire_24332949.hdf5,29253395
2020/fire_24332954.hdf5,26059753
2020/fire_24332956.hdf5,44141308
2020/fire_24332969.hdf5,29767607
2020/fire_24332989.hdf5,25488322
2020/fire_24332991.hdf5,27327406
2020/fire_24332995.hdf5,39727328
2020/fire_24333000.hdf5,98407317
2020/fire_24333006.hdf5,70208523
2020/fire_24333012.hdf5,67805832
2020/fire_24333026.hdf5,76518941
2020/fire_24333033.hdf5,71758327
2020/fire_24333039.hdf5,91371624
2020/fire_24333255.hdf5,23064069
2020/fire_24333259.hdf5,49910140
2020/fire_24333267.hdf5,17731338
2020/fire_24333270.hdf5,39449898
2020/fire_24333277.hdf5,33041554
2020/fire_24333279.hdf5,41905959
2020/fire_24333285.hdf5,39762264
2020/fire_24333287.hdf5,36001299
2020/fire_24333293.hdf5,30836147
2020/fire_24461320.hdf5,35237155
2020/fire_24461328.hdf5,47445927
2020/fire_24461347.hdf5,34864360
2020/fire_24461421.hdf5,21070680
2020/fire_24461607.hdf5,29326944
2020/fire_24461618.hdf5,50430655
2020/fire_24461623.hdf5,84113988
2020/fire_24461771.hdf5,57772916
2020/fire_24461780.hdf5,56109282
2020/fire_24461785.hdf5,30012599
2020/fire_24461789.hdf5,62416970
2020/fire_24461899.hdf5,45394039
2020/fire_24461930.hdf5,21808352
2020/fire_24461965.hdf5,14277246
2020/fire_24461996.hdf5,27139063
2020/fire_24462033.hdf5,27157496
2020/fire_24462088.hdf5,21177844
2020/fire_24462127.hdf5,27475605
2020/fire_24462212.hdf5,16878492
2020/fire_24462233.hdf5,54051745
2020/fire_24462243.hdf5,19603180
2020/fire_24462263.hdf5,45614099
2020/fire_24462306.hdf5,19619839
2020/fire_24462335.hdf5,53296503
2020/fire_24462488.hdf5,46037503
2020/fire_24462604.hdf5,32936882
2020/fire_24462610.hdf5,47849810
2020/fire_24462691.hdf5,37771649
2020/fire_24462753.hdf5,42882384
2020/fire_24462764.hdf5,19663872
2020/fire_24462788.hdf5,46090679
2020/fire_24462819.hdf5,76579996
2020/fire_24462847.hdf5,106239909
2020/fire_24462867.hdf5,98755817
2020/fire_24462882.hdf5,52805078
2020/fire_24462912.hdf5,33656015
2020/fire_24463162.hdf5,30023425
2020/fire_24463172.hdf5,42527095
2020/fire_24463187.hdf5,25127714
2020/fire_24463188.hdf5,20622584
2020/fire_24463190.hdf5,24664706
2020/fire_24463206.hdf5,28728230
2020/fire_24463211.hdf5,29486411
2020/fire_24463227.hdf5,41549231
2020/fire_24604426.hdf5,17217198
2020/fire_24604435.hdf5,44243714
2020/fire_24604456.hdf5,39255833
2020/fire_24604462.hdf5,27220004
2020/fire_24604463.hdf5,25839576
2020/fire_24604676.hdf5,32127917
2020/fire_24604731.hdf5,56158971
2020/fire_24604754.hdf5,38150476
2020/fire_24604777.hdf5,27188265
2020/fire_24604783.hdf5,95216758
2020/fire_24604832.hdf5,28136904
2020/fire_24604848.hdf5,37627524
2020/fire_24695413.hdf5,34205941
2020/fire_24695430.hdf5,21265545
2020/fire_24695442.hdf5,21472555
2020/fire_24695447.hdf5,22586009
2020/fire_24695497.hdf5,39768785
2020/fire_24695532.hdf5,33326077
2020/fire_24695557.hdf5,30441268
2020/fire_24695566.hdf5,41139617
2020/fire_24695584.hdf5,32089947
2020/fire_24695627.hdf5,25868604
2020/fire_24695756.hdf5,25038810
2020/fire_24695758.hdf5,22550844
2020/fire_24695963.hdf5,27807275
2020/fire_24695970.hdf5,50814728
2021/fire_24935867.hdf5,47153500
2021/fire_24935874.hdf5,48670004
2021/fire_24935885.hdf5,20889175
2021/fire_24936357.hdf5,38015161
2021/fire_25017306.hdf5,35504655
2021/fire_25017323.hdf5,39867179
2021/fire_25017384.hdf5,34755635
2021/fire_25017416.hdf5,36558190
2021/fire_25084892.hdf5,39047869
2021/fire_25086458.hdf5,37927542
2021/fire_25086466.hdf5,28577364
2021/fire_25088018.hdf5,29226378
2021/fire_25088019.hdf5,47125573
2021/fire_25138926.hdf5,38516405
2021/fire_25138935.hdf5,34178738
2021/fire_25138942.hdf5,39719565
2021/fire_25138947.hdf5,108706860
2021/fire_25204812.hdf5,24773615
2021/fire_25204815.hdf5,24767674
2021/fire_25204820.hdf5,26512892
2021/fire_25204835.hdf5,33560345
2021/fire_25204848.hdf5,18851678
2021/fire_25204858.hdf5,40322762
2021/fire_25204859.hdf5,52821260
2021/fire_25204868.hdf5,36483099
2021/fire_25204869.hdf5,61926375
2021/fire_25204877.hdf5,41618518
2021/fire_25204897.hdf5,67133386
2021/fire_25204900.hdf5,58490025
2021/fire_25205245.hdf5,21191464
2021/fire_25205247.hdf5,30258197
2021/fire_25205255.hdf5,15651239
2021/fire_25205259.hdf5,25343019
2021/fire_25205260.hdf5,14383158
2021/fire_25205295.hdf5,47116517
2021/fire_25205306.hdf5,50524214
2021/fire_25205312.hdf5,50292404
2021/fire_25205336.hdf5,52787676
2021/fire_25205354.hdf5,51198367
2021/fire_25205362.hdf5,59934846
2021/fire_25205363.hdf5,42587342
2021/fire_25205387.hdf5,57252702
2021/fire_25205462.hdf5,55475405
2021/fire_25205788.hdf5,23235092
2021/fire_25205814.hdf5,40287070
2021/fire_25205827.hdf5,38232921
2021/fire_25205936.hdf5,58175867
2021/fire_25205954.hdf5,49117852
2021/fire_25205956.hdf5,40518740
2021/fire_25294687.hdf5,85836176
2021/fire_25294691.hdf5,85266964
2021/fire_25294692.hdf5,85071481
2021/fire_25294706.hdf5,54370992
2021/fire_25294714.hdf5,104300495
2021/fire_25294735.hdf5,34289010
2021/fire_25294746.hdf5,52385675
2021/fire_25294754.hdf5,24056353
2021/fire_25294757.hdf5,25101576
2021/fire_25294976.hdf5,21984386
2021/fire_25294977.hdf5,20249407
2021/fire_25294983.hdf5,13584019
2021/fire_25294984.hdf5,21173227
2021/fire_25294989.hdf5,13919981
2021/fire_25294991.hdf5,39390364
2021/fire_25294998.hdf5,55740273
2021/fire_25294999.hdf5,87985104
2021/fire_25295023.hdf5,43751774
2021/fire_25295026.hdf5,34703154
2021/fire_25295031.hdf5,67621934
2021/fire_25295057.hdf5,48568201
2021/fire_25295073.hdf5,16498140
2021/fire_25295081.hdf5,41688228
2021/fire_25295089.hdf5,38708233
2021/fire_25295099.hdf5,53748974
2021/fire_25295127.hdf5,31202910
2021/fire_25295804.hdf5,43108154
2021/fire_25295808.hdf5,65886298
2021/fire_25295816.hdf5,44737045
2021/fire_25295818.hdf5,51826808
2021/fire_25295831.hdf5,61576244
2021/fire_25295837.hdf5,62867703
2021/fire_25295843.hdf5,26174848
2021/fire_25295852.hdf5,98229911
2021/fire_25295855.hdf5,79151059
2021/fire_25295856.hdf5,36400368
2021/fire_25295857.hdf5,35011453
2021/fire_25295862.hdf5,50184870
2021/fire_25295869.hdf5,49864650
2021/fire_25295877.hdf5,63983712
2021/fire_25295902.hdf5,65791729
2021/fire_25295908.hdf5,37729653
2021/fire_25295909.hdf5,72699311
2021/fire_25295923.hdf5,23050275
2021/fire_25295927.hdf5,95569496
2021/fire_25295931.hdf5,29078104
2021/fire_25295934.hdf5,51134282
2021/fire_25295937.hdf5,44543846
2021/fire_25295938.hdf5,58557220
2021/fire_25295941.hdf5,73890275
2021/fire_25295951.hdf5,36152346
2021/fire_25295956.hdf5,47849125
2021/fire_25295966.hdf5,38439268
2021/fire_25410438.hdf5,26839713
2021/fire_25410444.hdf5,45598889
2021/fire_25410445.hdf5,81990813
2021/fire_25410483.hdf5,38101263
2021/fire_25410659.hdf5,29337291
2021/fire_25410700.hdf5,56431880
2021/fire_25410727.hdf5,32324792
2021/fire_25410735.hdf5,46874735
2021/fire_25410746.hdf5,43321498
2021/fire_25410845.hdf5,55620537
2021/fire_25410858.hdf5,69423031
2021/fire_25410883.hdf5,33573533
2021/fire_25410907.hdf5,44476699
2021/fire_25410960.hdf5,28942595
2021/fire_25410972.hdf5,49467053
2021/fire_25410985.hdf5,42358073
2021/fire_25410996.hdf5,36829677
2021/fire_25411006.hdf5,87129063
2021/fire_25411013.hdf5,96227795
2021/fire_25411029.hdf5,37671690
2021/fire_25411057.hdf5,29165395
2021/fire_25411093.hdf5,57770535
2021/fire_25411102.hdf5,40499342
2021/fire_25411134.hdf5,33673839
2021/fire_25411738.hdf5,40512080
2021/fire_25411739.hdf5,23304948
2021/fire_25411748.hdf5,19304322
2021/fire_25411777.hdf5,30949724
2021/fire_25411795.hdf5,48730673
2021/fire_25411821.hdf5,28355070
2021/fire_25411825.hdf5,49824600
2021/fire_25411827.hdf5,29377807
2021/fire_25411889.hdf5,31913247
2021/fire_25411893.hdf5,43491295
2021/fire_25411896.hdf5,23278634
2021/fire_25411897.hdf5,27605080
2021/fire_25411905.hdf5,49618322
2021/fire_25411910.hdf5,25729260
2021/fire_25411915.hdf5,61703586
2021/fire_25411925.hdf5,34202802
2021/fire_25547912.hdf5,25212902
2021/fire_25547988.hdf5,25524933
2021/fire_25548047.hdf5,74080181
2021/fire_25548063.hdf5,49105544
2021/fire_25548074.hdf5,72666257
2021/fire_25548182.hdf5,30611707
2021/fire_25548269.hdf5,41148621
2021/fire_25548446.hdf5,34061953
2021/fire_25548658.hdf5,40021700
2021/fire_25548678.hdf5,52001035
2021/fire_25548700.hdf5,33262039
2021/fire_25639187.hdf5,19878710
2021/fire_25639315.hdf5,48858819
2021/fire_25639646.hdf5,33025117
2022/fire_AL3267208704520220215.hdf5,160386656
2022/fire_AZ3135311061420220508.hdf5,81300948
2022/fire_AZ3137511119220220612.hdf5,79899052
2022/fire_AZ3184911157420220611.hdf5,82843304
2022/fire_AZ3363510939220220610.hdf5,90778476
2022/fire_AZ3438411089120220703.hdf5,6925753
2022/fire_AZ3530411158920220417.hdf5,6474760
2022/fire_AZ3537011143620220613.hdf5,4317928
2022/fire_CA3399311448120220526.hdf5,74400269
2022/fire_CA3493411887620220622.hdf5,8645218
2022/fire_CA3736911837220220216.hdf5,70429811
2022/fire_CA3900612074520220907.hdf5,63970538
2022/fire_CO3806410322020220412.hdf5,43290677
2022/fire_CO3835510248520220422.hdf5,14665406
2022/fire_CO3975410279220221022.hdf5,92050270
2022/fire_FL2632608099820220328.hdf5,146158563
2022/fire_FL3014908533020220304.hdf5,129671783
2022/fire_FL3046108678720220303.hdf5,111124059
2022/fire_ID4265011421320220908.hdf5,72436676
2022/fire_ID4282711470820220908.hdf5,74323825
2022/fire_ID4532211494920220723.hdf5,3791138
2022/fire_ID4636111481620220831.hdf5,5738705
2022/fire_ID4878611656920220824.hdf5,6261090
2022/fire_KS3710410046220220407.hdf5,56794360
2022/fire_KS3727109973420220915.hdf5,100864017
2022/fire_KS3729209620020220316.hdf5,117060172
2022/fire_KS3806309775720220305.hdf5,118695278
2022/fire_KS3808009919320220329.hdf5,86518570
2022/fire_KS3861309676720220215.hdf5,112297906
2022/fire_KS3864009964220221023.hdf5,95613859
2022/fire_KS3886709637220220409.hdf5,63655900
2022/fire_KS3952209667820220406.hdf5,68196927
2022/fire_KS3989609834320220329.hdf5,89060938
2022/fire_KY3727108427720221106.hdf5,159424916
2022/fire_KY3742808333020221106.hdf5,159075335
2022/fire_MI4514808434720220513.hdf5,130958980
2022/fire_MS3115708913820220130.hdf5,147871858
2022/fire_MT4738011302520220825.hdf5,74348330
2022/fire_MT4801411573420220901.hdf5,66402760
2022/fire_MT4813910968220220907.hdf5,3928659
2022/fire_ND4595710129320220821.hdf5,92115097
2022/fire_NE4015610052920220422.hdf5,15314545
2022/fire_NE4054009998220220407.hdf5,58868761
2022/fire_NE4164110347920220913.hdf5,91551079
2022/fire_NE4184110028820220517.hdf5,99054029
2022/fire_NE4186910031020221002.hdf5,95499738
2022/fire_NE4194610014320220423.hdf5,14661139
2022/fire_NJ3973407472120220619.hdf5,151281126
2022/fire_NM3133910881020220304.hdf5,81888151
2022/fire_NM3151410902420220529.hdf5,87695455
2022/fire_NM3320410805920220514.hdf5,91393438
2022/fire_NM3334510564420220412.hdf5,42875233
2022/fire_NM3338710369920220422.hdf5,16646776
2022/fire_NM3363510847220220407.hdf5,51591650
2022/fire_NM3385010753320220501.hdf5,90101996
2022/fire_NM3411310315420220317.hdf5,91697787
2022/fire_NM3413410554320220520.hdf5,94304886
2022/fire_NM3577510658420220422.hdf5,14794222
2022/fire_NM3580210384220220422.hdf5,14519035
2022/fire_NM3645010622520220610.hdf5,96725350
2022/fire_NM3664610337320220422.hdf5,14704462
2022/fire_NV4181411870020220826.hdf5,3260662
2022/fire_OK3414909548320220215.hdf5,120849307
2022/fire_OK3432809515120220926.hdf5,121706689
2022/fire_OK3435609482720221014.hdf5,124654397
2022/fire_OK3439009738320220411.hdf5,55088394
2022/fire_OK3445009582020220302.hdf5,122377535
2022/fire_OK3480209891420220313.hdf5,113640796
2022/fire_OK3509609616020220214.hdf5,117966188
2022/fire_OK3523209579320220313.hdf5,121228247
2022/fire_OK3543409966420220412.hdf5,45516358
2022/fire_OK3581609988920220329.hdf5,84909766
2022/fire_OK3600109630420220307.hdf5,115912621
2022/fire_OK3630209625320220407.hdf5,65150102
2022/fire_OK3634409700620221022.hdf5,115210521
2022/fire_OK3649009619220220328.hdf5,96918151
2022/fire_OK3651609651320221022.hdf5,113837862
2022/fire_OK3664709619120220327.hdf5,103107528
2022/fire_OK3665209959120220624.hdf5,107755250
2022/fire_OK3683010078720220405.hdf5,61843187
2022/fire_OK3699210049120220407.hdf5,56754748
2022/fire_OR4372612216720220801.hdf5,2733956
2022/fire_SD4314310090820220618.hdf5,94901576
2022/fire_SD4333810253120221123.hdf5,92808460
2022/fire_SD4411109928220221010.hdf5,100944432
2022/fire_SD4535109951020221206.hdf5,84990645
2022/fire_TX2680709766220220324.hdf5,99046021
2022/fire_TX2684509774720220212.hdf5,103134142
2022/fire_TX2696009810120220330.hdf5,88780842
2022/fire_TX2747309802020220330.hdf5,89265187
2022/fire_TX2845309895920220330.hdf5,84812842
2022/fire_TX2870309854120220315.hdf5,109687674
2022/fire_TX2902810054420220316.hdf5,100293553
2022/fire_TX2962709421120220901.hdf5,85110629
2022/fire_TX2966909410420221109.hdf5,86428358
2022/fire_TX2968709855320220409.hdf5,61370121
2022/fire_TX3072910023420220516.hdf5,107232193
2022/fire_TX3110610141520220317.hdf5,105668073
2022/fire_TX3126709762620220327.hdf5,100571770
2022/fire_TX3138809836220220314.hdf5,113833557
2022/fire_TX3168110126520220317.hdf5,102904980
2022/fire_TX3182809882420220321.hdf5,113878847
2022/fire_TX3189709971820220314.hdf5,110269172
2022/fire_TX3206309893020220317.hdf5,116397160
2022/fire_TX3219909910320220317.hdf5,116281278
2022/fire_TX3226609996420220517.hdf5,107750266
2022/fire_TX3233509882920220317.hdf5,114305951
2022/fire_TX3236209800320220320.hdf5,113547313
2022/fire_TX3279609848020220929.hdf5,111856543
2022/fire_TX3280409825120220623.hdf5,109374563
2022/fire_TX3386209934020220517.hdf5,107486386
2022/fire_TX3518710286520220528.hdf5,96255165
2022/fire_TX3520910132520220406.hdf5,67762217
2022/fire_TX3539910179420220423.hdf5,15225502
2022/fire_TX3543110068920220406.hdf5,62848617
2022/fire_TX3564910195420220509.hdf5,105323743
2022/fire_TX3574610054320220329.hdf5,83169623
2022/fire_WA4594312209020220923.hdf5,2488148
2022/fire_WA4888612140620220825.hdf5,49339141
2022/fire_WA4892812142820220824.hdf5,47456756
2022/fire_WA4893512149220220826.hdf5,48755805
2022/fire_WY4438510646620220821.hdf5,86975184
2023/fire_AZ3150111115820230701.hdf5,88663658
2023/fire_AZ3162311150920230722.hdf5,81143039
2023/fire_AZ3163511165120230829.hdf5,77747892
2023/fire_AZ3180711070920230616.hdf5,92273868
2023/fire_AZ3370210944920231026.hdf5,88795990
2023/fire_AZ3487111328820230701.hdf5,77372945
2023/fire_CA3343811682320231030.hdf5,74113047
2023/fire_CA3389011707120230714.hdf5,75813682
2023/fire_CA3433311901820231209.hdf5,49000388
2023/fire_CA3494811969120230819.hdf5,67135090
2023/fire_CA3528611528620230728.hdf5,75756463
2023/fire_CA3559211985820230806.hdf5,66056869
2023/fire_CA3671811888320230930.hdf5,69876316
2023/fire_CA3806111999220230909.hdf5,66556011
2023/fire_CA4063812358720230816.hdf5,57808470
2023/fire_CA4093612292720230815.hdf5,55805432
2023/fire_CA4130412348820230817.hdf5,55653609
2023/fire_CA4137212367320230815.hdf5,55554287
2023/fire_CA4159512351220230815.hdf5,55502958
2023/fire_CA4168112342020230816.hdf5,55702822
2023/fire_CA4177812304120230815.hdf5,55343755
2023/fire_CA4178812378820230818.hdf5,54549557
2023/fire_CA4185912384020230815.hdf5,53672216
2023/fire_ID4280311535720230522.hdf5,71560448
2023/fire_ID4324111431120230909.hdf5,73180139
2023/fire_ID4432811659120230819.hdf5,69357900
2023/fire_ID4446811584420230816.hdf5,70341907
2023/fire_ID4470311374220230719.hdf5,76640680
2023/fire_ID4550411531520230724.hdf5,70211000
2023/fire_ID4782411661420230803.hdf5,65058574
2023/fire_KS3882609629820230411.hdf5,114085830
2023/fire_KS3910909641920230407.hdf5,119037126
2023/fire_MT4619011381320230721.hdf5,74206192
2023/fire_MT4714211396720230724.hdf5,72177308
2023/fire_MT4735311366620230718.hdf5,75056714
2023/fire_MT4738211480620230818.hdf5,71874521
2023/fire_MT4752211441520230730.hdf5,70004879
2023/fire_MT4782811459320230730.hdf5,68729146
2023/fire_MT4790411360420230730.hdf5,73804369
2023/fire_MT4798011369820230730.hdf5,73415088
2023/fire_MT4836711395520230730.hdf5,74690948
2023/fire_MT4853011485520230730.hdf5,71378853
2023/fire_NM3302810845420230722.hdf5,95584996
2023/fire_NM3329410838820230726.hdf5,96402328
2023/fire_NM3339610844820230803.hdf5,95778806
2023/fire_NM3340610828920230519.hdf5,92453129
2023/fire_NM3354010838820230713.hdf5,96104668
2023/fire_NM3354210783420230731.hdf5,99071203
2023/fire_NM3369910755620230723.hdf5,101090343
2023/fire_NM3371010845920230715.hdf5,95513275
2023/fire_OR4251612403720230716.hdf5,51315252
2023/fire_OR4274612434420230825.hdf5,43657464
2023/fire_OR4292712167320230923.hdf5,59048053
2023/fire_OR4306012146920230520.hdf5,56000416
2023/fire_OR4337712360720230825.hdf5,56488565
2023/fire_OR4396912190120230825.hdf5,54729954
2023/fire_OR4397112254620230723.hdf5,55756598
2023/fire_OR4539112045420230710.hdf5,57145924
2023/fire_OR4590811915320230613.hdf5,61180873
2023/fire_WA4583112045920230721.hdf5,56193423
2023/fire_WA4607911882620230619.hdf5,59701728
2023/fire_WA4624811961520230613.hdf5,55017875
2023/fire_WA4727811999320230710.hdf5,55502571
2023/fire_WA4753811774420230818.hdf5,57882659
2023/fire_WA4772012350820230901.hdf5,41965267
2023/fire_WA4801412101320230707.hdf5,52196707
2023/fire_WA4803411723020230818.hdf5,62393273
2023/fire_WA4872212113620230729.hdf5,50783043
