action	status	kind	source	destination	bytes	reason
archive	archived	run-directory	/project/6085198/kulbear/wildfire/runs/D1-erm-S0-3K-21094927	/project/6085198/kulbear/wildfire/archive/pre-t1-cleanup-2026-09-04/runs/D1-erm-S0-3K-21094927	7059173	failed-retry
retain	active	run-directory	/project/6085198/kulbear/wildfire/runs/D1-erm-S0-3K-21102676	-	64964942	retained-t1
archive	archived	run-directory	/project/6085198/kulbear/wildfire/runs/D1-kl-S0-3K-21094928	/project/6085198/kulbear/wildfire/archive/pre-t1-cleanup-2026-09-04/runs/D1-kl-S0-3K-21094928	7059153	failed-retry
retain	active	run-directory	/project/6085198/kulbear/wildfire/runs/D1-kl-S0-3K-21102677	-	64960454	retained-t1
archive	archived	run-directory	/project/6085198/kulbear/wildfire/runs/D10-RPP-S0-3K-21120041	/project/6085198/kulbear/wildfire/archive/pre-t1-cleanup-2026-09-04/runs/D10-RPP-S0-3K-21120041	65185787	rejected
archive	archived	run-directory	/project/6085198/kulbear/wildfire/runs/D11-CRPP-S0-3K-21121610	/project/6085198/kulbear/wildfire/archive/pre-t1-cleanup-2026-09-04/runs/D11-CRPP-S0-3K-21121610	65207452	rejected
retain	active	run-directory	/project/6085198/kulbear/wildfire/runs/D12-SARP-S0-3K-21122172	-	65224911	retained-t1
archive	archived	run-directory	/project/6085198/kulbear/wildfire/runs/D13-SARP-T5-S0-3K-21149785	/project/6085198/kulbear/wildfire/archive/pre-t1-cleanup-2026-09-04/runs/D13-SARP-T5-S0-3K-21149785	66341537	out-of-scope-t5
archive	archived	run-directory	/project/6085198/kulbear/wildfire/runs/D13-STD-T5-S0-3K-21149784	/project/6085198/kulbear/wildfire/archive/pre-t1-cleanup-2026-09-04/runs/D13-STD-T5-S0-3K-21149784	66330992	out-of-scope-t5
archive	archived	run-directory	/project/6085198/kulbear/wildfire/runs/D2-rnc-S0-3K-21094930	/project/6085198/kulbear/wildfire/archive/pre-t1-cleanup-2026-09-04/runs/D2-rnc-S0-3K-21094930	64970207	rejected
retain	active	run-directory	/project/6085198/kulbear/wildfire/runs/D2-standard-S0-3K-21094929	-	64976750	retained-t1
archive	archived	run-directory	/project/6085198/kulbear/wildfire/runs/D4-token-S0-3K-21103691	/project/6085198/kulbear/wildfire/archive/pre-t1-cleanup-2026-09-04/runs/D4-token-S0-3K-21103691	64986995	rejected
archive	archived	run-directory	/project/6085198/kulbear/wildfire/runs/D5-CIWC-S0-3K-21111043	/project/6085198/kulbear/wildfire/archive/pre-t1-cleanup-2026-09-04/runs/D5-CIWC-S0-3K-21111043	65020166	rejected
archive	archived	run-directory	/project/6085198/kulbear/wildfire/runs/D6-CIRC-S0-3K-21112470	/project/6085198/kulbear/wildfire/archive/pre-t1-cleanup-2026-09-04/runs/D6-CIRC-S0-3K-21112470	65050402	rejected
archive	archived	run-directory	/project/6085198/kulbear/wildfire/runs/D7-CRA-S0-3K-21114921	/project/6085198/kulbear/wildfire/archive/pre-t1-cleanup-2026-09-04/runs/D7-CRA-S0-3K-21114921	65099156	rejected
archive	archived	run-directory	/project/6085198/kulbear/wildfire/runs/D8-FFCA-S0-3K-21116301	/project/6085198/kulbear/wildfire/archive/pre-t1-cleanup-2026-09-04/runs/D8-FFCA-S0-3K-21116301	65121443	rejected
archive	archived	run-directory	/project/6085198/kulbear/wildfire/runs/D9-CEPR-S0-3K-21117395	/project/6085198/kulbear/wildfire/archive/pre-t1-cleanup-2026-09-04/runs/D9-CEPR-S0-3K-21117395	65134893	rejected
retain	active	run-directory	/project/6085198/kulbear/wildfire/runs/corrected-B0-S0-3K-21093263	-	181964472	retained-t1
archive	archived	run-directory	/project/6085198/kulbear/wildfire/runs/corrected-B1-S0-3K-21093264	/project/6085198/kulbear/wildfire/archive/pre-t1-cleanup-2026-09-04/runs/corrected-B1-S0-3K-21093264	184337483	out-of-scope-t5
archive	archived	run-directory	/project/6085198/kulbear/wildfire/runs/corrected-B1-S0-3K-21096854	/project/6085198/kulbear/wildfire/archive/pre-t1-cleanup-2026-09-04/runs/corrected-B1-S0-3K-21096854	185127850	out-of-scope-t5
archive	archived	run-directory	/project/6085198/kulbear/wildfire/runs/corrected-B1-S0-3K-21102675	/project/6085198/kulbear/wildfire/archive/pre-t1-cleanup-2026-09-04/runs/corrected-B1-S0-3K-21102675	185213125	out-of-scope-t5
retain	active	run-directory	/project/6085198/kulbear/wildfire/runs/corrected-B2-S0-3K-21093265	-	182044311	retained-t1
retain	active	run-directory	/project/6085198/kulbear/wildfire/runs/corrected-B3-S0-3K-21093266	-	182047561	retained-t1
archive	archived	run-directory	/project/6085198/kulbear/wildfire/runs/corrected-B4-S0-3K-21094665	/project/6085198/kulbear/wildfire/archive/pre-t1-cleanup-2026-09-04/runs/corrected-B4-S0-3K-21094665	182053301	rejected
archive	archived	run-directory	/project/6085198/kulbear/wildfire/runs/corrected-B5-S0-3K-21144563	/project/6085198/kulbear/wildfire/archive/pre-t1-cleanup-2026-09-04/runs/corrected-B5-S0-3K-21144563	185488282	rejected
archive	archived	run-directory	/project/6085198/kulbear/wildfire/runs/fast-track-C00-20346980	/project/6085198/kulbear/wildfire/archive/pre-t1-cleanup-2026-09-04/runs/fast-track-C00-20346980	175002386	invalid-resolver
archive	archived	run-directory	/project/6085198/kulbear/wildfire/runs/fast-track-C00-S0-10K-20353582	/project/6085198/kulbear/wildfire/archive/pre-t1-cleanup-2026-09-04/runs/fast-track-C00-S0-10K-20353582	178487571	invalid-resolver
archive	archived	run-directory	/project/6085198/kulbear/wildfire/runs/fast-track-C00-S1-10K-20356045	/project/6085198/kulbear/wildfire/archive/pre-t1-cleanup-2026-09-04/runs/fast-track-C00-S1-10K-20356045	184876644	invalid-resolver
archive	archived	run-directory	/project/6085198/kulbear/wildfire/runs/fast-track-C00-S2-10K-20356047	/project/6085198/kulbear/wildfire/archive/pre-t1-cleanup-2026-09-04/runs/fast-track-C00-S2-10K-20356047	184876644	invalid-resolver
archive	archived	run-directory	/project/6085198/kulbear/wildfire/runs/fast-track-C02-20346981	/project/6085198/kulbear/wildfire/archive/pre-t1-cleanup-2026-09-04/runs/fast-track-C02-20346981	178161577	out-of-scope-t5
archive	archived	run-directory	/project/6085198/kulbear/wildfire/runs/fast-track-C02-S0-10K-20353584	/project/6085198/kulbear/wildfire/archive/pre-t1-cleanup-2026-09-04/runs/fast-track-C02-S0-10K-20353584	181662569	out-of-scope-t5
archive	archived	run-directory	/project/6085198/kulbear/wildfire/runs/fast-track-C02-S1-10K-20356044	/project/6085198/kulbear/wildfire/archive/pre-t1-cleanup-2026-09-04/runs/fast-track-C02-S1-10K-20356044	188051642	out-of-scope-t5
archive	archived	run-directory	/project/6085198/kulbear/wildfire/runs/fast-track-C02-S2-10K-20356046	/project/6085198/kulbear/wildfire/archive/pre-t1-cleanup-2026-09-04/runs/fast-track-C02-S2-10K-20356046	188051642	out-of-scope-t5
archive	archived	run-directory	/project/6085198/kulbear/wildfire/runs/fast-track-promotions-20260823	/project/6085198/kulbear/wildfire/archive/pre-t1-cleanup-2026-09-04/runs/fast-track-promotions-20260823	3830	invalid-resolver
archive	archived	run-directory	/project/6085198/kulbear/wildfire/runs/fast-track-replications-20260823	/project/6085198/kulbear/wildfire/archive/pre-t1-cleanup-2026-09-04/runs/fast-track-replications-20260823	7684	invalid-resolver
retain	active	run-directory	/project/6085198/kulbear/wildfire/runs/heldout-B0-2022-21098505	-	7043571	retained-t1
retain	active	run-directory	/project/6085198/kulbear/wildfire/runs/heldout-B0-2023-21098506	-	7037686	retained-t1
archive	archived	run-directory	/project/6085198/kulbear/wildfire/runs/heldout-B1-2022-21104532	/project/6085198/kulbear/wildfire/archive/pre-t1-cleanup-2026-09-04/runs/heldout-B1-2022-21104532	7051426	out-of-scope-t5
archive	archived	run-directory	/project/6085198/kulbear/wildfire/runs/heldout-B1-2023-21104532	/project/6085198/kulbear/wildfire/archive/pre-t1-cleanup-2026-09-04/runs/heldout-B1-2023-21104532	7045581	out-of-scope-t5
retain	active	run-directory	/project/6085198/kulbear/wildfire/runs/heldout-B2-2022-21098505	-	7043831	retained-t1
retain	active	run-directory	/project/6085198/kulbear/wildfire/runs/heldout-B2-2023-21098506	-	7037914	retained-t1
retain	active	run-directory	/project/6085198/kulbear/wildfire/runs/heldout-B3-2022-21099907	-	7046005	retained-t1
retain	active	run-directory	/project/6085198/kulbear/wildfire/runs/heldout-B3-2023-21099907	-	7040126	retained-t1
retain	active	run-directory	/project/6085198/kulbear/wildfire/runs/heldout-D1-ERM-2022-21105328	-	7056029	retained-t1
retain	active	run-directory	/project/6085198/kulbear/wildfire/runs/heldout-D1-ERM-2023-21105328	-	7051165	retained-t1
retain	active	run-directory	/project/6085198/kulbear/wildfire/runs/heldout-D1-KL-2022-21105328	-	7057010	retained-t1
retain	active	run-directory	/project/6085198/kulbear/wildfire/runs/heldout-D1-KL-2023-21105328	-	7051133	retained-t1
retain	active	run-directory	/project/6085198/kulbear/wildfire/runs/heldout-D12-SARP-2022-21122938	-	7286326	retained-t1
retain	active	run-directory	/project/6085198/kulbear/wildfire/runs/heldout-D12-SARP-2023-21122938	-	7280862	retained-t1
retain	active	run-directory	/project/6085198/kulbear/wildfire/runs/heldout-D2-STD-2022-21122938	-	7283507	retained-t1
retain	active	run-directory	/project/6085198/kulbear/wildfire/runs/heldout-D2-STD-2023-21122938	-	7277618	retained-t1
archive	archived	run-directory	/project/6085198/kulbear/wildfire/runs/missingness-engineering-seed0-20260823	/project/6085198/kulbear/wildfire/archive/pre-t1-cleanup-2026-09-04/runs/missingness-engineering-seed0-20260823	39812	invalid-resolver
archive	archived	run-directory	/project/6085198/kulbear/wildfire/runs/missingness-formal-20260823	/project/6085198/kulbear/wildfire/archive/pre-t1-cleanup-2026-09-04/runs/missingness-formal-20260823	201306	invalid-resolver
archive	archived	run-directory	/project/6085198/kulbear/wildfire/runs/missingness-job-C00-S0-10K-M00-Y2021-20356037	/project/6085198/kulbear/wildfire/archive/pre-t1-cleanup-2026-09-04/runs/missingness-job-C00-S0-10K-M00-Y2021-20356037	6430389	invalid-resolver
archive	archived	run-directory	/project/6085198/kulbear/wildfire/runs/missingness-job-C00-S0-10K-M00-Y2022-20378616	/project/6085198/kulbear/wildfire/archive/pre-t1-cleanup-2026-09-04/runs/missingness-job-C00-S0-10K-M00-Y2022-20378616	6490703	invalid-resolver
archive	archived	run-directory	/project/6085198/kulbear/wildfire/runs/missingness-job-C00-S0-10K-M00-Y2023-20378616	/project/6085198/kulbear/wildfire/archive/pre-t1-cleanup-2026-09-04/runs/missingness-job-C00-S0-10K-M00-Y2023-20378616	6484830	invalid-resolver
archive	archived	run-directory	/project/6085198/kulbear/wildfire/runs/missingness-job-C00-S0-10K-M01-Y2021-20356036	/project/6085198/kulbear/wildfire/archive/pre-t1-cleanup-2026-09-04/runs/missingness-job-C00-S0-10K-M01-Y2021-20356036	6430328	invalid-resolver
archive	archived	run-directory	/project/6085198/kulbear/wildfire/runs/missingness-job-C00-S0-10K-M01-Y2022-20378616	/project/6085198/kulbear/wildfire/archive/pre-t1-cleanup-2026-09-04/runs/missingness-job-C00-S0-10K-M01-Y2022-20378616	6490641	invalid-resolver
archive	archived	run-directory	/project/6085198/kulbear/wildfire/runs/missingness-job-C00-S0-10K-M01-Y2023-20378616	/project/6085198/kulbear/wildfire/archive/pre-t1-cleanup-2026-09-04/runs/missingness-job-C00-S0-10K-M01-Y2023-20378616	6484769	invalid-resolver
archive	archived	run-directory	/project/6085198/kulbear/wildfire/runs/missingness-job-C00-S0-10K-M02-Y2021-20356032	/project/6085198/kulbear/wildfire/archive/pre-t1-cleanup-2026-09-04/runs/missingness-job-C00-S0-10K-M02-Y2021-20356032	6430386	invalid-resolver
archive	archived	run-directory	/project/6085198/kulbear/wildfire/runs/missingness-job-C00-S0-10K-M02-Y2022-20378616	/project/6085198/kulbear/wildfire/archive/pre-t1-cleanup-2026-09-04/runs/missingness-job-C00-S0-10K-M02-Y2022-20378616	6490702	invalid-resolver
archive	archived	run-directory	/project/6085198/kulbear/wildfire/runs/missingness-job-C00-S0-10K-M02-Y2023-20378616	/project/6085198/kulbear/wildfire/archive/pre-t1-cleanup-2026-09-04/runs/missingness-job-C00-S0-10K-M02-Y2023-20378616	6484833	invalid-resolver
archive	archived	run-directory	/project/6085198/kulbear/wildfire/runs/missingness-job-C00-S0-10K-M03-Y2021-20356034	/project/6085198/kulbear/wildfire/archive/pre-t1-cleanup-2026-09-04/runs/missingness-job-C00-S0-10K-M03-Y2021-20356034	6430384	invalid-resolver
archive	archived	run-directory	/project/6085198/kulbear/wildfire/runs/missingness-job-C00-S0-10K-M03-Y2022-20378616	/project/6085198/kulbear/wildfire/archive/pre-t1-cleanup-2026-09-04/runs/missingness-job-C00-S0-10K-M03-Y2022-20378616	6490701	invalid-resolver
archive	archived	run-directory	/project/6085198/kulbear/wildfire/runs/missingness-job-C00-S0-10K-M03-Y2023-20378616	/project/6085198/kulbear/wildfire/archive/pre-t1-cleanup-2026-09-04/runs/missingness-job-C00-S0-10K-M03-Y2023-20378616	6484828	invalid-resolver
archive	archived	run-directory	/project/6085198/kulbear/wildfire/runs/missingness-job-C00-S0-10K-M04-Y2021-20356031	/project/6085198/kulbear/wildfire/archive/pre-t1-cleanup-2026-09-04/runs/missingness-job-C00-S0-10K-M04-Y2021-20356031	6430387	invalid-resolver
archive	archived	run-directory	/project/6085198/kulbear/wildfire/runs/missingness-job-C00-S0-10K-M04-Y2022-20378616	/project/6085198/kulbear/wildfire/archive/pre-t1-cleanup-2026-09-04/runs/missingness-job-C00-S0-10K-M04-Y2022-20378616	6490702	invalid-resolver
archive	archived	run-directory	/project/6085198/kulbear/wildfire/runs/missingness-job-C00-S0-10K-M04-Y2023-20378616	/project/6085198/kulbear/wildfire/archive/pre-t1-cleanup-2026-09-04/runs/missingness-job-C00-S0-10K-M04-Y2023-20378616	6484831	invalid-resolver
archive	archived	run-directory	/project/6085198/kulbear/wildfire/runs/missingness-job-C00-S0-10K-M05-Y2021-20356038	/project/6085198/kulbear/wildfire/archive/pre-t1-cleanup-2026-09-04/runs/missingness-job-C00-S0-10K-M05-Y2021-20356038	6430388	invalid-resolver
archive	archived	run-directory	/project/6085198/kulbear/wildfire/runs/missingness-job-C00-S0-10K-M05-Y2022-20378616	/project/6085198/kulbear/wildfire/archive/pre-t1-cleanup-2026-09-04/runs/missingness-job-C00-S0-10K-M05-Y2022-20378616	6490700	invalid-resolver
archive	archived	run-directory	/project/6085198/kulbear/wildfire/runs/missingness-job-C00-S0-10K-M05-Y2023-20378616	/project/6085198/kulbear/wildfire/archive/pre-t1-cleanup-2026-09-04/runs/missingness-job-C00-S0-10K-M05-Y2023-20378616	6484831	invalid-resolver
archive	archived	run-directory	/project/6085198/kulbear/wildfire/runs/missingness-job-C00-S0-10K-M06-Y2021-20356035	/project/6085198/kulbear/wildfire/archive/pre-t1-cleanup-2026-09-04/runs/missingness-job-C00-S0-10K-M06-Y2021-20356035	6430387	invalid-resolver
archive	archived	run-directory	/project/6085198/kulbear/wildfire/runs/missingness-job-C00-S0-10K-M06-Y2022-20378616	/project/6085198/kulbear/wildfire/archive/pre-t1-cleanup-2026-09-04/runs/missingness-job-C00-S0-10K-M06-Y2022-20378616	6490702	invalid-resolver
archive	archived	run-directory	/project/6085198/kulbear/wildfire/runs/missingness-job-C00-S0-10K-M06-Y2023-20378616	/project/6085198/kulbear/wildfire/archive/pre-t1-cleanup-2026-09-04/runs/missingness-job-C00-S0-10K-M06-Y2023-20378616	6484830	invalid-resolver
archive	archived	run-directory	/project/6085198/kulbear/wildfire/runs/missingness-job-C00-S0-10K-M07-Y2021-20356033	/project/6085198/kulbear/wildfire/archive/pre-t1-cleanup-2026-09-04/runs/missingness-job-C00-S0-10K-M07-Y2021-20356033	6430388	invalid-resolver
archive	archived	run-directory	/project/6085198/kulbear/wildfire/runs/missingness-job-C00-S0-10K-M07-Y2022-20378616	/project/6085198/kulbear/wildfire/archive/pre-t1-cleanup-2026-09-04/runs/missingness-job-C00-S0-10K-M07-Y2022-20378616	6490705	invalid-resolver
archive	archived	run-directory	/project/6085198/kulbear/wildfire/runs/missingness-job-C00-S0-10K-M07-Y2023-20378616	/project/6085198/kulbear/wildfire/archive/pre-t1-cleanup-2026-09-04/runs/missingness-job-C00-S0-10K-M07-Y2023-20378616	6484830	invalid-resolver
archive	archived	run-directory	/project/6085198/kulbear/wildfire/runs/missingness-job-C00-S1-10K-M00-Y2022-20378617	/project/6085198/kulbear/wildfire/archive/pre-t1-cleanup-2026-09-04/runs/missingness-job-C00-S1-10K-M00-Y2022-20378617	6490705	invalid-resolver
archive	archived	run-directory	/project/6085198/kulbear/wildfire/runs/missingness-job-C00-S1-10K-M00-Y2023-20378617	/project/6085198/kulbear/wildfire/archive/pre-t1-cleanup-2026-09-04/runs/missingness-job-C00-S1-10K-M00-Y2023-20378617	6484832	invalid-resolver
archive	archived	run-directory	/project/6085198/kulbear/wildfire/runs/missingness-job-C00-S1-10K-M01-Y2022-20378617	/project/6085198/kulbear/wildfire/archive/pre-t1-cleanup-2026-09-04/runs/missingness-job-C00-S1-10K-M01-Y2022-20378617	6490644	invalid-resolver
archive	archived	run-directory	/project/6085198/kulbear/wildfire/runs/missingness-job-C00-S1-10K-M01-Y2023-20378617	/project/6085198/kulbear/wildfire/archive/pre-t1-cleanup-2026-09-04/runs/missingness-job-C00-S1-10K-M01-Y2023-20378617	6484771	invalid-resolver
archive	archived	run-directory	/project/6085198/kulbear/wildfire/runs/missingness-job-C00-S1-10K-M02-Y2022-20378617	/project/6085198/kulbear/wildfire/archive/pre-t1-cleanup-2026-09-04/runs/missingness-job-C00-S1-10K-M02-Y2022-20378617	6490705	invalid-resolver
archive	archived	run-directory	/project/6085198/kulbear/wildfire/runs/missingness-job-C00-S1-10K-M02-Y2023-20378617	/project/6085198/kulbear/wildfire/archive/pre-t1-cleanup-2026-09-04/runs/missingness-job-C00-S1-10K-M02-Y2023-20378617	6484835	invalid-resolver
archive	archived	run-directory	/project/6085198/kulbear/wildfire/runs/missingness-job-C00-S1-10K-M03-Y2022-20378617	/project/6085198/kulbear/wildfire/archive/pre-t1-cleanup-2026-09-04/runs/missingness-job-C00-S1-10K-M03-Y2022-20378617	6490704	invalid-resolver
archive	archived	run-directory	/project/6085198/kulbear/wildfire/runs/missingness-job-C00-S1-10K-M03-Y2023-20378617	/project/6085198/kulbear/wildfire/archive/pre-t1-cleanup-2026-09-04/runs/missingness-job-C00-S1-10K-M03-Y2023-20378617	6484831	invalid-resolver
archive	archived	run-directory	/project/6085198/kulbear/wildfire/runs/missingness-job-C00-S1-10K-M04-Y2022-20378617	/project/6085198/kulbear/wildfire/archive/pre-t1-cleanup-2026-09-04/runs/missingness-job-C00-S1-10K-M04-Y2022-20378617	6490704	invalid-resolver
archive	archived	run-directory	/project/6085198/kulbear/wildfire/runs/missingness-job-C00-S1-10K-M04-Y2023-20378617	/project/6085198/kulbear/wildfire/archive/pre-t1-cleanup-2026-09-04/runs/missingness-job-C00-S1-10K-M04-Y2023-20378617	6484832	invalid-resolver
archive	archived	run-directory	/project/6085198/kulbear/wildfire/runs/missingness-job-C00-S1-10K-M05-Y2022-20378617	/project/6085198/kulbear/wildfire/archive/pre-t1-cleanup-2026-09-04/runs/missingness-job-C00-S1-10K-M05-Y2022-20378617	6490702	invalid-resolver
archive	archived	run-directory	/project/6085198/kulbear/wildfire/runs/missingness-job-C00-S1-10K-M05-Y2023-20378617	/project/6085198/kulbear/wildfire/archive/pre-t1-cleanup-2026-09-04/runs/missingness-job-C00-S1-10K-M05-Y2023-20378617	6484834	invalid-resolver
archive	archived	run-directory	/project/6085198/kulbear/wildfire/runs/missingness-job-C00-S1-10K-M06-Y2022-20378617	/project/6085198/kulbear/wildfire/archive/pre-t1-cleanup-2026-09-04/runs/missingness-job-C00-S1-10K-M06-Y2022-20378617	6490704	invalid-resolver
archive	archived	run-directory	/project/6085198/kulbear/wildfire/runs/missingness-job-C00-S1-10K-M06-Y2023-20378617	/project/6085198/kulbear/wildfire/archive/pre-t1-cleanup-2026-09-04/runs/missingness-job-C00-S1-10K-M06-Y2023-20378617	6484832	invalid-resolver
archive	archived	run-directory	/project/6085198/kulbear/wildfire/runs/missingness-job-C00-S1-10K-M07-Y2022-20378617	/project/6085198/kulbear/wildfire/archive/pre-t1-cleanup-2026-09-04/runs/missingness-job-C00-S1-10K-M07-Y2022-20378617	6490707	invalid-resolver
archive	archived	run-directory	/project/6085198/kulbear/wildfire/runs/missingness-job-C00-S1-10K-M07-Y2023-20378617	/project/6085198/kulbear/wildfire/archive/pre-t1-cleanup-2026-09-04/runs/missingness-job-C00-S1-10K-M07-Y2023-20378617	6484832	invalid-resolver
archive	archived	run-directory	/project/6085198/kulbear/wildfire/runs/missingness-job-C00-S2-10K-M00-Y2022-20378618	/project/6085198/kulbear/wildfire/archive/pre-t1-cleanup-2026-09-04/runs/missingness-job-C00-S2-10K-M00-Y2022-20378618	6490703	invalid-resolver
archive	archived	run-directory	/project/6085198/kulbear/wildfire/runs/missingness-job-C00-S2-10K-M00-Y2023-20378618	/project/6085198/kulbear/wildfire/archive/pre-t1-cleanup-2026-09-04/runs/missingness-job-C00-S2-10K-M00-Y2023-20378618	6484832	invalid-resolver
archive	archived	run-directory	/project/6085198/kulbear/wildfire/runs/missingness-job-C00-S2-10K-M01-Y2022-20378618	/project/6085198/kulbear/wildfire/archive/pre-t1-cleanup-2026-09-04/runs/missingness-job-C00-S2-10K-M01-Y2022-20378618	6490642	invalid-resolver
archive	archived	run-directory	/project/6085198/kulbear/wildfire/runs/missingness-job-C00-S2-10K-M01-Y2023-20378618	/project/6085198/kulbear/wildfire/archive/pre-t1-cleanup-2026-09-04/runs/missingness-job-C00-S2-10K-M01-Y2023-20378618	6484771	invalid-resolver
archive	archived	run-directory	/project/6085198/kulbear/wildfire/runs/missingness-job-C00-S2-10K-M02-Y2022-20378618	/project/6085198/kulbear/wildfire/archive/pre-t1-cleanup-2026-09-04/runs/missingness-job-C00-S2-10K-M02-Y2022-20378618	6490703	invalid-resolver
archive	archived	run-directory	/project/6085198/kulbear/wildfire/runs/missingness-job-C00-S2-10K-M02-Y2023-20378618	/project/6085198/kulbear/wildfire/archive/pre-t1-cleanup-2026-09-04/runs/missingness-job-C00-S2-10K-M02-Y2023-20378618	6484834	invalid-resolver
archive	archived	run-directory	/project/6085198/kulbear/wildfire/runs/missingness-job-C00-S2-10K-M03-Y2022-20378618	/project/6085198/kulbear/wildfire/archive/pre-t1-cleanup-2026-09-04/runs/missingness-job-C00-S2-10K-M03-Y2022-20378618	6490702	invalid-resolver
archive	archived	run-directory	/project/6085198/kulbear/wildfire/runs/missingness-job-C00-S2-10K-M03-Y2023-20378618	/project/6085198/kulbear/wildfire/archive/pre-t1-cleanup-2026-09-04/runs/missingness-job-C00-S2-10K-M03-Y2023-20378618	6484829	invalid-resolver
archive	archived	run-directory	/project/6085198/kulbear/wildfire/runs/missingness-job-C00-S2-10K-M04-Y2022-20378618	/project/6085198/kulbear/wildfire/archive/pre-t1-cleanup-2026-09-04/runs/missingness-job-C00-S2-10K-M04-Y2022-20378618	6490704	invalid-resolver
archive	archived	run-directory	/project/6085198/kulbear/wildfire/runs/missingness-job-C00-S2-10K-M04-Y2023-20378618	/project/6085198/kulbear/wildfire/archive/pre-t1-cleanup-2026-09-04/runs/missingness-job-C00-S2-10K-M04-Y2023-20378618	6484831	invalid-resolver
archive	archived	run-directory	/project/6085198/kulbear/wildfire/runs/missingness-job-C00-S2-10K-M05-Y2022-20378618	/project/6085198/kulbear/wildfire/archive/pre-t1-cleanup-2026-09-04/runs/missingness-job-C00-S2-10K-M05-Y2022-20378618	6490702	invalid-resolver
archive	archived	run-directory	/project/6085198/kulbear/wildfire/runs/missingness-job-C00-S2-10K-M05-Y2023-20378618	/project/6085198/kulbear/wildfire/archive/pre-t1-cleanup-2026-09-04/runs/missingness-job-C00-S2-10K-M05-Y2023-20378618	6484833	invalid-resolver
archive	archived	run-directory	/project/6085198/kulbear/wildfire/runs/missingness-job-C00-S2-10K-M06-Y2022-20378618	/project/6085198/kulbear/wildfire/archive/pre-t1-cleanup-2026-09-04/runs/missingness-job-C00-S2-10K-M06-Y2022-20378618	6490704	invalid-resolver
archive	archived	run-directory	/project/6085198/kulbear/wildfire/runs/missingness-job-C00-S2-10K-M06-Y2023-20378618	/project/6085198/kulbear/wildfire/archive/pre-t1-cleanup-2026-09-04/runs/missingness-job-C00-S2-10K-M06-Y2023-20378618	6484831	invalid-resolver
archive	archived	run-directory	/project/6085198/kulbear/wildfire/runs/missingness-job-C00-S2-10K-M07-Y2022-20378618	/project/6085198/kulbear/wildfire/archive/pre-t1-cleanup-2026-09-04/runs/missingness-job-C00-S2-10K-M07-Y2022-20378618	6490707	invalid-resolver
archive	archived	run-directory	/project/6085198/kulbear/wildfire/runs/missingness-job-C00-S2-10K-M07-Y2023-20378618	/project/6085198/kulbear/wildfire/archive/pre-t1-cleanup-2026-09-04/runs/missingness-job-C00-S2-10K-M07-Y2023-20378618	6484831	invalid-resolver
archive	archived	run-directory	/project/6085198/kulbear/wildfire/runs/missingness-job-C02-S0-10K-M00-Y2021-20356086	/project/6085198/kulbear/wildfire/archive/pre-t1-cleanup-2026-09-04/runs/missingness-job-C02-S0-10K-M00-Y2021-20356086	6434883	out-of-scope-t5
archive	archived	run-directory	/project/6085198/kulbear/wildfire/runs/missingness-job-C02-S0-10K-M00-Y2021-20378614	/project/6085198/kulbear/wildfire/archive/pre-t1-cleanup-2026-09-04/runs/missingness-job-C02-S0-10K-M00-Y2021-20378614	6435856	out-of-scope-t5
archive	archived	run-directory	/project/6085198/kulbear/wildfire/runs/missingness-job-C02-S0-10K-M00-Y2022-20378629	/project/6085198/kulbear/wildfire/archive/pre-t1-cleanup-2026-09-04/runs/missingness-job-C02-S0-10K-M00-Y2022-20378629	6490707	out-of-scope-t5
archive	archived	run-directory	/project/6085198/kulbear/wildfire/runs/missingness-job-C02-S0-10K-M00-Y2023-20378629	/project/6085198/kulbear/wildfire/archive/pre-t1-cleanup-2026-09-04/runs/missingness-job-C02-S0-10K-M00-Y2023-20378629	6484838	out-of-scope-t5
archive	archived	run-directory	/project/6085198/kulbear/wildfire/runs/missingness-job-C02-S0-10K-M01-Y2021-20378614	/project/6085198/kulbear/wildfire/archive/pre-t1-cleanup-2026-09-04/runs/missingness-job-C02-S0-10K-M01-Y2021-20378614	6435866	out-of-scope-t5
archive	archived	run-directory	/project/6085198/kulbear/wildfire/runs/missingness-job-C02-S0-10K-M01-Y2022-20378629	/project/6085198/kulbear/wildfire/archive/pre-t1-cleanup-2026-09-04/runs/missingness-job-C02-S0-10K-M01-Y2022-20378629	6490717	out-of-scope-t5
archive	archived	run-directory	/project/6085198/kulbear/wildfire/runs/missingness-job-C02-S0-10K-M01-Y2023-20378629	/project/6085198/kulbear/wildfire/archive/pre-t1-cleanup-2026-09-04/runs/missingness-job-C02-S0-10K-M01-Y2023-20378629	6484774	out-of-scope-t5
archive	archived	run-directory	/project/6085198/kulbear/wildfire/runs/missingness-job-C02-S0-10K-M02-Y2021-20378614	/project/6085198/kulbear/wildfire/archive/pre-t1-cleanup-2026-09-04/runs/missingness-job-C02-S0-10K-M02-Y2021-20378614	6435857	out-of-scope-t5
archive	archived	run-directory	/project/6085198/kulbear/wildfire/runs/missingness-job-C02-S0-10K-M02-Y2022-20378629	/project/6085198/kulbear/wildfire/archive/pre-t1-cleanup-2026-09-04/runs/missingness-job-C02-S0-10K-M02-Y2022-20378629	6490709	out-of-scope-t5
archive	archived	run-directory	/project/6085198/kulbear/wildfire/runs/missingness-job-C02-S0-10K-M02-Y2023-20378629	/project/6085198/kulbear/wildfire/archive/pre-t1-cleanup-2026-09-04/runs/missingness-job-C02-S0-10K-M02-Y2023-20378629	6484836	out-of-scope-t5
archive	archived	run-directory	/project/6085198/kulbear/wildfire/runs/missingness-job-C02-S0-10K-M03-Y2021-20378614	/project/6085198/kulbear/wildfire/archive/pre-t1-cleanup-2026-09-04/runs/missingness-job-C02-S0-10K-M03-Y2021-20378614	6435855	out-of-scope-t5
archive	archived	run-directory	/project/6085198/kulbear/wildfire/runs/missingness-job-C02-S0-10K-M03-Y2022-20378629	/project/6085198/kulbear/wildfire/archive/pre-t1-cleanup-2026-09-04/runs/missingness-job-C02-S0-10K-M03-Y2022-20378629	6490709	out-of-scope-t5
archive	archived	run-directory	/project/6085198/kulbear/wildfire/runs/missingness-job-C02-S0-10K-M03-Y2023-20378629	/project/6085198/kulbear/wildfire/archive/pre-t1-cleanup-2026-09-04/runs/missingness-job-C02-S0-10K-M03-Y2023-20378629	6484836	out-of-scope-t5
archive	archived	run-directory	/project/6085198/kulbear/wildfire/runs/missingness-job-C02-S0-10K-M04-Y2021-20378614	/project/6085198/kulbear/wildfire/archive/pre-t1-cleanup-2026-09-04/runs/missingness-job-C02-S0-10K-M04-Y2021-20378614	6435856	out-of-scope-t5
archive	archived	run-directory	/project/6085198/kulbear/wildfire/runs/missingness-job-C02-S0-10K-M04-Y2022-20378629	/project/6085198/kulbear/wildfire/archive/pre-t1-cleanup-2026-09-04/runs/missingness-job-C02-S0-10K-M04-Y2022-20378629	6490707	out-of-scope-t5
archive	archived	run-directory	/project/6085198/kulbear/wildfire/runs/missingness-job-C02-S0-10K-M04-Y2023-20378629	/project/6085198/kulbear/wildfire/archive/pre-t1-cleanup-2026-09-04/runs/missingness-job-C02-S0-10K-M04-Y2023-20378629	6484839	out-of-scope-t5
archive	archived	run-directory	/project/6085198/kulbear/wildfire/runs/missingness-job-C02-S0-10K-M05-Y2021-20378614	/project/6085198/kulbear/wildfire/archive/pre-t1-cleanup-2026-09-04/runs/missingness-job-C02-S0-10K-M05-Y2021-20378614	6435855	out-of-scope-t5
archive	archived	run-directory	/project/6085198/kulbear/wildfire/runs/missingness-job-C02-S0-10K-M05-Y2022-20378629	/project/6085198/kulbear/wildfire/archive/pre-t1-cleanup-2026-09-04/runs/missingness-job-C02-S0-10K-M05-Y2022-20378629	6490709	out-of-scope-t5
archive	archived	run-directory	/project/6085198/kulbear/wildfire/runs/missingness-job-C02-S0-10K-M05-Y2023-20378629	/project/6085198/kulbear/wildfire/archive/pre-t1-cleanup-2026-09-04/runs/missingness-job-C02-S0-10K-M05-Y2023-20378629	6484836	out-of-scope-t5
archive	archived	run-directory	/project/6085198/kulbear/wildfire/runs/missingness-job-C02-S0-10K-M06-Y2021-20378614	/project/6085198/kulbear/wildfire/archive/pre-t1-cleanup-2026-09-04/runs/missingness-job-C02-S0-10K-M06-Y2021-20378614	6435856	out-of-scope-t5
archive	archived	run-directory	/project/6085198/kulbear/wildfire/runs/missingness-job-C02-S0-10K-M06-Y2022-20378629	/project/6085198/kulbear/wildfire/archive/pre-t1-cleanup-2026-09-04/runs/missingness-job-C02-S0-10K-M06-Y2022-20378629	6490711	out-of-scope-t5
archive	archived	run-directory	/project/6085198/kulbear/wildfire/runs/missingness-job-C02-S0-10K-M06-Y2023-20378629	/project/6085198/kulbear/wildfire/archive/pre-t1-cleanup-2026-09-04/runs/missingness-job-C02-S0-10K-M06-Y2023-20378629	6484837	out-of-scope-t5
archive	archived	run-directory	/project/6085198/kulbear/wildfire/runs/missingness-job-C02-S0-10K-M07-Y2021-20378614	/project/6085198/kulbear/wildfire/archive/pre-t1-cleanup-2026-09-04/runs/missingness-job-C02-S0-10K-M07-Y2021-20378614	6435860	out-of-scope-t5
archive	archived	run-directory	/project/6085198/kulbear/wildfire/runs/missingness-job-C02-S0-10K-M07-Y2022-20378629	/project/6085198/kulbear/wildfire/archive/pre-t1-cleanup-2026-09-04/runs/missingness-job-C02-S0-10K-M07-Y2022-20378629	6490709	out-of-scope-t5
archive	archived	run-directory	/project/6085198/kulbear/wildfire/runs/missingness-job-C02-S0-10K-M07-Y2023-20378629	/project/6085198/kulbear/wildfire/archive/pre-t1-cleanup-2026-09-04/runs/missingness-job-C02-S0-10K-M07-Y2023-20378629	6484838	out-of-scope-t5
archive	archived	run-directory	/project/6085198/kulbear/wildfire/runs/missingness-job-C02-S1-10K-M00-Y2022-20378630	/project/6085198/kulbear/wildfire/archive/pre-t1-cleanup-2026-09-04/runs/missingness-job-C02-S1-10K-M00-Y2022-20378630	6490709	out-of-scope-t5
archive	archived	run-directory	/project/6085198/kulbear/wildfire/runs/missingness-job-C02-S1-10K-M00-Y2023-20378630	/project/6085198/kulbear/wildfire/archive/pre-t1-cleanup-2026-09-04/runs/missingness-job-C02-S1-10K-M00-Y2023-20378630	6484840	out-of-scope-t5
archive	archived	run-directory	/project/6085198/kulbear/wildfire/runs/missingness-job-C02-S1-10K-M01-Y2022-20378630	/project/6085198/kulbear/wildfire/archive/pre-t1-cleanup-2026-09-04/runs/missingness-job-C02-S1-10K-M01-Y2022-20378630	6490719	out-of-scope-t5
archive	archived	run-directory	/project/6085198/kulbear/wildfire/runs/missingness-job-C02-S1-10K-M01-Y2023-20378630	/project/6085198/kulbear/wildfire/archive/pre-t1-cleanup-2026-09-04/runs/missingness-job-C02-S1-10K-M01-Y2023-20378630	6484776	out-of-scope-t5
archive	archived	run-directory	/project/6085198/kulbear/wildfire/runs/missingness-job-C02-S1-10K-M02-Y2022-20378630	/project/6085198/kulbear/wildfire/archive/pre-t1-cleanup-2026-09-04/runs/missingness-job-C02-S1-10K-M02-Y2022-20378630	6490711	out-of-scope-t5
archive	archived	run-directory	/project/6085198/kulbear/wildfire/runs/missingness-job-C02-S1-10K-M02-Y2023-20378630	/project/6085198/kulbear/wildfire/archive/pre-t1-cleanup-2026-09-04/runs/missingness-job-C02-S1-10K-M02-Y2023-20378630	6484838	out-of-scope-t5
archive	archived	run-directory	/project/6085198/kulbear/wildfire/runs/missingness-job-C02-S1-10K-M03-Y2022-20378630	/project/6085198/kulbear/wildfire/archive/pre-t1-cleanup-2026-09-04/runs/missingness-job-C02-S1-10K-M03-Y2022-20378630	6490711	out-of-scope-t5
archive	archived	run-directory	/project/6085198/kulbear/wildfire/runs/missingness-job-C02-S1-10K-M03-Y2023-20378630	/project/6085198/kulbear/wildfire/archive/pre-t1-cleanup-2026-09-04/runs/missingness-job-C02-S1-10K-M03-Y2023-20378630	6484838	out-of-scope-t5
archive	archived	run-directory	/project/6085198/kulbear/wildfire/runs/missingness-job-C02-S1-10K-M04-Y2022-20378630	/project/6085198/kulbear/wildfire/archive/pre-t1-cleanup-2026-09-04/runs/missingness-job-C02-S1-10K-M04-Y2022-20378630	6490709	out-of-scope-t5
archive	archived	run-directory	/project/6085198/kulbear/wildfire/runs/missingness-job-C02-S1-10K-M04-Y2023-20378630	/project/6085198/kulbear/wildfire/archive/pre-t1-cleanup-2026-09-04/runs/missingness-job-C02-S1-10K-M04-Y2023-20378630	6484840	out-of-scope-t5
archive	archived	run-directory	/project/6085198/kulbear/wildfire/runs/missingness-job-C02-S1-10K-M05-Y2022-20378630	/project/6085198/kulbear/wildfire/archive/pre-t1-cleanup-2026-09-04/runs/missingness-job-C02-S1-10K-M05-Y2022-20378630	6490711	out-of-scope-t5
archive	archived	run-directory	/project/6085198/kulbear/wildfire/runs/missingness-job-C02-S1-10K-M05-Y2023-20378630	/project/6085198/kulbear/wildfire/archive/pre-t1-cleanup-2026-09-04/runs/missingness-job-C02-S1-10K-M05-Y2023-20378630	6484838	out-of-scope-t5
archive	archived	run-directory	/project/6085198/kulbear/wildfire/runs/missingness-job-C02-S1-10K-M06-Y2022-20378630	/project/6085198/kulbear/wildfire/archive/pre-t1-cleanup-2026-09-04/runs/missingness-job-C02-S1-10K-M06-Y2022-20378630	6490713	out-of-scope-t5
archive	archived	run-directory	/project/6085198/kulbear/wildfire/runs/missingness-job-C02-S1-10K-M06-Y2023-20378630	/project/6085198/kulbear/wildfire/archive/pre-t1-cleanup-2026-09-04/runs/missingness-job-C02-S1-10K-M06-Y2023-20378630	6484839	out-of-scope-t5
archive	archived	run-directory	/project/6085198/kulbear/wildfire/runs/missingness-job-C02-S1-10K-M07-Y2022-20378630	/project/6085198/kulbear/wildfire/archive/pre-t1-cleanup-2026-09-04/runs/missingness-job-C02-S1-10K-M07-Y2022-20378630	6490711	out-of-scope-t5
archive	archived	run-directory	/project/6085198/kulbear/wildfire/runs/missingness-job-C02-S1-10K-M07-Y2023-20378630	/project/6085198/kulbear/wildfire/archive/pre-t1-cleanup-2026-09-04/runs/missingness-job-C02-S1-10K-M07-Y2023-20378630	6484840	out-of-scope-t5
archive	archived	run-directory	/project/6085198/kulbear/wildfire/runs/missingness-job-C02-S2-10K-M00-Y2022-20378631	/project/6085198/kulbear/wildfire/archive/pre-t1-cleanup-2026-09-04/runs/missingness-job-C02-S2-10K-M00-Y2022-20378631	6490709	out-of-scope-t5
archive	archived	run-directory	/project/6085198/kulbear/wildfire/runs/missingness-job-C02-S2-10K-M00-Y2023-20378631	/project/6085198/kulbear/wildfire/archive/pre-t1-cleanup-2026-09-04/runs/missingness-job-C02-S2-10K-M00-Y2023-20378631	6484841	out-of-scope-t5
archive	archived	run-directory	/project/6085198/kulbear/wildfire/runs/missingness-job-C02-S2-10K-M01-Y2022-20378631	/project/6085198/kulbear/wildfire/archive/pre-t1-cleanup-2026-09-04/runs/missingness-job-C02-S2-10K-M01-Y2022-20378631	6490719	out-of-scope-t5
archive	archived	run-directory	/project/6085198/kulbear/wildfire/runs/missingness-job-C02-S2-10K-M01-Y2023-20378631	/project/6085198/kulbear/wildfire/archive/pre-t1-cleanup-2026-09-04/runs/missingness-job-C02-S2-10K-M01-Y2023-20378631	6484776	out-of-scope-t5
archive	archived	run-directory	/project/6085198/kulbear/wildfire/runs/missingness-job-C02-S2-10K-M02-Y2022-20378631	/project/6085198/kulbear/wildfire/archive/pre-t1-cleanup-2026-09-04/runs/missingness-job-C02-S2-10K-M02-Y2022-20378631	6490710	out-of-scope-t5
archive	archived	run-directory	/project/6085198/kulbear/wildfire/runs/missingness-job-C02-S2-10K-M02-Y2023-20378631	/project/6085198/kulbear/wildfire/archive/pre-t1-cleanup-2026-09-04/runs/missingness-job-C02-S2-10K-M02-Y2023-20378631	6484838	out-of-scope-t5
archive	archived	run-directory	/project/6085198/kulbear/wildfire/runs/missingness-job-C02-S2-10K-M03-Y2022-20378631	/project/6085198/kulbear/wildfire/archive/pre-t1-cleanup-2026-09-04/runs/missingness-job-C02-S2-10K-M03-Y2022-20378631	6490711	out-of-scope-t5
archive	archived	run-directory	/project/6085198/kulbear/wildfire/runs/missingness-job-C02-S2-10K-M03-Y2023-20378631	/project/6085198/kulbear/wildfire/archive/pre-t1-cleanup-2026-09-04/runs/missingness-job-C02-S2-10K-M03-Y2023-20378631	6484838	out-of-scope-t5
archive	archived	run-directory	/project/6085198/kulbear/wildfire/runs/missingness-job-C02-S2-10K-M04-Y2022-20378631	/project/6085198/kulbear/wildfire/archive/pre-t1-cleanup-2026-09-04/runs/missingness-job-C02-S2-10K-M04-Y2022-20378631	6490709	out-of-scope-t5
archive	archived	run-directory	/project/6085198/kulbear/wildfire/runs/missingness-job-C02-S2-10K-M04-Y2023-20378631	/project/6085198/kulbear/wildfire/archive/pre-t1-cleanup-2026-09-04/runs/missingness-job-C02-S2-10K-M04-Y2023-20378631	6484840	out-of-scope-t5
archive	archived	run-directory	/project/6085198/kulbear/wildfire/runs/missingness-job-C02-S2-10K-M05-Y2022-20378631	/project/6085198/kulbear/wildfire/archive/pre-t1-cleanup-2026-09-04/runs/missingness-job-C02-S2-10K-M05-Y2022-20378631	6490712	out-of-scope-t5
archive	archived	run-directory	/project/6085198/kulbear/wildfire/runs/missingness-job-C02-S2-10K-M05-Y2023-20378631	/project/6085198/kulbear/wildfire/archive/pre-t1-cleanup-2026-09-04/runs/missingness-job-C02-S2-10K-M05-Y2023-20378631	6484839	out-of-scope-t5
archive	archived	run-directory	/project/6085198/kulbear/wildfire/runs/missingness-job-C02-S2-10K-M06-Y2022-20378631	/project/6085198/kulbear/wildfire/archive/pre-t1-cleanup-2026-09-04/runs/missingness-job-C02-S2-10K-M06-Y2022-20378631	6490714	out-of-scope-t5
archive	archived	run-directory	/project/6085198/kulbear/wildfire/runs/missingness-job-C02-S2-10K-M06-Y2023-20378631	/project/6085198/kulbear/wildfire/archive/pre-t1-cleanup-2026-09-04/runs/missingness-job-C02-S2-10K-M06-Y2023-20378631	6484838	out-of-scope-t5
archive	archived	run-directory	/project/6085198/kulbear/wildfire/runs/missingness-job-C02-S2-10K-M07-Y2022-20378631	/project/6085198/kulbear/wildfire/archive/pre-t1-cleanup-2026-09-04/runs/missingness-job-C02-S2-10K-M07-Y2022-20378631	6490711	out-of-scope-t5
archive	archived	run-directory	/project/6085198/kulbear/wildfire/runs/missingness-job-C02-S2-10K-M07-Y2023-20378631	/project/6085198/kulbear/wildfire/archive/pre-t1-cleanup-2026-09-04/runs/missingness-job-C02-S2-10K-M07-Y2023-20378631	6484841	out-of-scope-t5
retain	active	run-directory	/project/6085198/kulbear/wildfire/runs/nibi-data-conversion-20260823	-	433	retained-t1
archive	archived	run-directory	/project/6085198/kulbear/wildfire/runs/nibi-res18-t1-one-step-20343794	/project/6085198/kulbear/wildfire/archive/pre-t1-cleanup-2026-09-04/runs/nibi-res18-t1-one-step-20343794	28477	superseded
archive	archived	run-directory	/project/6085198/kulbear/wildfire/runs/nibi-res18-t1-one-step-20344672	/project/6085198/kulbear/wildfire/archive/pre-t1-cleanup-2026-09-04/runs/nibi-res18-t1-one-step-20344672	17750	superseded
archive	archived	run-directory	/project/6085198/kulbear/wildfire/runs/nibi-res18-t1-one-step-20344836	/project/6085198/kulbear/wildfire/archive/pre-t1-cleanup-2026-09-04/runs/nibi-res18-t1-one-step-20344836	23399	superseded
retain	active	run-directory	/project/6085198/kulbear/wildfire/runs/nibi-wstsplus-data-20260823	-	14787	retained-t1
archive	archived	run-directory	/project/6085198/kulbear/wildfire/runs/prototype-P00-FireDrop-C00-20388924	/project/6085198/kulbear/wildfire/archive/pre-t1-cleanup-2026-09-04/runs/prototype-P00-FireDrop-C00-20388924	6389637	failed-retry
archive	archived	run-directory	/project/6085198/kulbear/wildfire/runs/prototype-P00-FireDrop-C00-20398173	/project/6085198/kulbear/wildfire/archive/pre-t1-cleanup-2026-09-04/runs/prototype-P00-FireDrop-C00-20398173	184899288	superseded
archive	archived	run-directory	/project/6085198/kulbear/wildfire/runs/prototype-P00-M06-eval-2021-20454658	/project/6085198/kulbear/wildfire/archive/pre-t1-cleanup-2026-09-04/runs/prototype-P00-M06-eval-2021-20454658	6482647	superseded
archive	archived	run-directory	/project/6085198/kulbear/wildfire/runs/prototype-P00-eval-2021-20398174	/project/6085198/kulbear/wildfire/archive/pre-t1-cleanup-2026-09-04/runs/prototype-P00-eval-2021-20398174	6442466	superseded
archive	archived	run-directory	/project/6085198/kulbear/wildfire/runs/prototype-P00-eval-2022-20399087	/project/6085198/kulbear/wildfire/archive/pre-t1-cleanup-2026-09-04/runs/prototype-P00-eval-2022-20399087	6450964	superseded
archive	archived	run-directory	/project/6085198/kulbear/wildfire/runs/prototype-P00-eval-2023-20399088	/project/6085198/kulbear/wildfire/archive/pre-t1-cleanup-2026-09-04/runs/prototype-P00-eval-2023-20399088	6445093	superseded
archive	archived	run-directory	/project/6085198/kulbear/wildfire/runs/prototype-P01-FireDropMask-C00-20414716	/project/6085198/kulbear/wildfire/archive/pre-t1-cleanup-2026-09-04/runs/prototype-P01-FireDropMask-C00-20414716	184959753	rejected
archive	archived	run-directory	/project/6085198/kulbear/wildfire/runs/prototype-P01-eval-2021-20414717	/project/6085198/kulbear/wildfire/archive/pre-t1-cleanup-2026-09-04/runs/prototype-P01-eval-2021-20414717	6464571	rejected
archive	archived	run-directory	/project/6085198/kulbear/wildfire/runs/prototype-P02-FireBlockDrop-C00-20454659	/project/6085198/kulbear/wildfire/archive/pre-t1-cleanup-2026-09-04/runs/prototype-P02-FireBlockDrop-C00-20454659	184933338	superseded
archive	archived	run-directory	/project/6085198/kulbear/wildfire/runs/prototype-P02-eval-2021-20454660	/project/6085198/kulbear/wildfire/archive/pre-t1-cleanup-2026-09-04/runs/prototype-P02-eval-2021-20454660	6482792	superseded
archive	archived	run-directory	/project/6085198/kulbear/wildfire/runs/prototype-P03-spatial-router-2021-20458324	/project/6085198/kulbear/wildfire/archive/pre-t1-cleanup-2026-09-04/runs/prototype-P03-spatial-router-2021-20458324	6496444	rejected
archive	archived	run-directory	/project/6085198/kulbear/wildfire/runs/prototype-P03-spatial-router-2022-20464512	/project/6085198/kulbear/wildfire/archive/pre-t1-cleanup-2026-09-04/runs/prototype-P03-spatial-router-2022-20464512	6539340	rejected
archive	archived	run-directory	/project/6085198/kulbear/wildfire/runs/prototype-P03-spatial-router-2022-20465333	/project/6085198/kulbear/wildfire/archive/pre-t1-cleanup-2026-09-04/runs/prototype-P03-spatial-router-2022-20465333	6550229	rejected
archive	archived	run-directory	/project/6085198/kulbear/wildfire/runs/prototype-P03-spatial-router-2023-20464513	/project/6085198/kulbear/wildfire/archive/pre-t1-cleanup-2026-09-04/runs/prototype-P03-spatial-router-2023-20464513	6533469	rejected
archive	archived	run-directory	/project/6085198/kulbear/wildfire/runs/prototype-P03-spatial-router-2023-20465334	/project/6085198/kulbear/wildfire/archive/pre-t1-cleanup-2026-09-04/runs/prototype-P03-spatial-router-2023-20465334	6544326	rejected
archive	archived	run-directory	/project/6085198/kulbear/wildfire/runs/prototype-P04-residual-gate-20462018	/project/6085198/kulbear/wildfire/archive/pre-t1-cleanup-2026-09-04/runs/prototype-P04-residual-gate-20462018	6532387	rejected
archive	archived	run-directory	/project/6085198/kulbear/wildfire/runs/prototype-P05-residual-gate-3x3-20464221	/project/6085198/kulbear/wildfire/archive/pre-t1-cleanup-2026-09-04/runs/prototype-P05-residual-gate-3x3-20464221	6537193	rejected
archive	archived	run-directory	/project/6085198/kulbear/wildfire/runs/prototype-P06-last-block-router-20464346	/project/6085198/kulbear/wildfire/archive/pre-t1-cleanup-2026-09-04/runs/prototype-P06-last-block-router-20464346	6534056	failed-retry
archive	archived	run-directory	/project/6085198/kulbear/wildfire/runs/prototype-P06-last-block-router-20464396	/project/6085198/kulbear/wildfire/archive/pre-t1-cleanup-2026-09-04/runs/prototype-P06-last-block-router-20464396	6578597	rejected
archive	archived	run-directory	/project/6085198/kulbear/wildfire/runs/prototype-P07-stochastic-belief-20558998	/project/6085198/kulbear/wildfire/archive/pre-t1-cleanup-2026-09-04/runs/prototype-P07-stochastic-belief-20558998	6610781	rejected
archive	archived	run-directory	/project/6085198/kulbear/wildfire/runs/prototype-P08-teacher-posterior-belief-20561688	/project/6085198/kulbear/wildfire/archive/pre-t1-cleanup-2026-09-04/runs/prototype-P08-teacher-posterior-belief-20561688	6684439	rejected
archive	archived	run-directory	/project/6085198/kulbear/wildfire/runs/prototype-P09-GroupDRO-eval-2022-20564992	/project/6085198/kulbear/wildfire/archive/pre-t1-cleanup-2026-09-04/runs/prototype-P09-GroupDRO-eval-2022-20564992	6652979	superseded
archive	archived	run-directory	/project/6085198/kulbear/wildfire/runs/prototype-P09-GroupDRO-eval-2023-20564993	/project/6085198/kulbear/wildfire/archive/pre-t1-cleanup-2026-09-04/runs/prototype-P09-GroupDRO-eval-2023-20564993	6647048	superseded
archive	archived	run-directory	/project/6085198/kulbear/wildfire/runs/prototype-P09-YearCorruptionGroupDRO-20563415	/project/6085198/kulbear/wildfire/archive/pre-t1-cleanup-2026-09-04/runs/prototype-P09-YearCorruptionGroupDRO-20563415	6628583	failed-retry
archive	archived	run-directory	/project/6085198/kulbear/wildfire/runs/prototype-P09-YearCorruptionGroupDRO-20563639	/project/6085198/kulbear/wildfire/archive/pre-t1-cleanup-2026-09-04/runs/prototype-P09-YearCorruptionGroupDRO-20563639	6629989	failed-retry
archive	archived	run-directory	/project/6085198/kulbear/wildfire/runs/prototype-P09-YearCorruptionGroupDRO-20563807	/project/6085198/kulbear/wildfire/archive/pre-t1-cleanup-2026-09-04/runs/prototype-P09-YearCorruptionGroupDRO-20563807	6630726	failed-retry
archive	archived	run-directory	/project/6085198/kulbear/wildfire/runs/prototype-P09-YearCorruptionGroupDRO-20563978	/project/6085198/kulbear/wildfire/archive/pre-t1-cleanup-2026-09-04/runs/prototype-P09-YearCorruptionGroupDRO-20563978	64552461	superseded
archive	archived	run-directory	/project/6085198/kulbear/wildfire/runs/prototype-P10-ERM-eval-2022-20582647	/project/6085198/kulbear/wildfire/archive/pre-t1-cleanup-2026-09-04/runs/prototype-P10-ERM-eval-2022-20582647	6673445	superseded
archive	archived	run-directory	/project/6085198/kulbear/wildfire/runs/prototype-P10-ERM-eval-2023-20582648	/project/6085198/kulbear/wildfire/archive/pre-t1-cleanup-2026-09-04/runs/prototype-P10-ERM-eval-2023-20582648	6667510	superseded
archive	archived	run-directory	/project/6085198/kulbear/wildfire/runs/prototype-P10-YearBalancedERM-20566466	/project/6085198/kulbear/wildfire/archive/pre-t1-cleanup-2026-09-04/runs/prototype-P10-YearBalancedERM-20566466	64562687	superseded
archive	archived	run-directory	/project/6085198/kulbear/wildfire/runs/prototype-P11-MissingnessRouter-2021-20588449	/project/6085198/kulbear/wildfire/archive/pre-t1-cleanup-2026-09-04/runs/prototype-P11-MissingnessRouter-2021-20588449	6682251	rejected
archive	archived	run-directory	/project/6085198/kulbear/wildfire/runs/prototype-P12-CorrectedFocalAlpha-20591988	/project/6085198/kulbear/wildfire/archive/pre-t1-cleanup-2026-09-04/runs/prototype-P12-CorrectedFocalAlpha-20591988	6660386	failed-retry
archive	archived	run-directory	/project/6085198/kulbear/wildfire/runs/prototype-P12-CorrectedFocalAlpha-20595907	/project/6085198/kulbear/wildfire/archive/pre-t1-cleanup-2026-09-04/runs/prototype-P12-CorrectedFocalAlpha-20595907	64604846	rejected
archive	archived	run-directory	/project/6085198/kulbear/wildfire/runs/prototype-P13-FireDropOnly-20611586	/project/6085198/kulbear/wildfire/archive/pre-t1-cleanup-2026-09-04/runs/prototype-P13-FireDropOnly-20611586	64610090	rejected
archive	archived	run-directory	/project/6085198/kulbear/wildfire/runs/prototype-P13-eval-2022-20612762	/project/6085198/kulbear/wildfire/archive/pre-t1-cleanup-2026-09-04/runs/prototype-P13-eval-2022-20612762	6713147	rejected
archive	archived	run-directory	/project/6085198/kulbear/wildfire/runs/prototype-P13-eval-2023-20612763	/project/6085198/kulbear/wildfire/archive/pre-t1-cleanup-2026-09-04/runs/prototype-P13-eval-2023-20612763	6707200	rejected
archive	archived	run-directory	/project/6085198/kulbear/wildfire/runs/prototype-fire-belief-attention-t1-20655225	/project/6085198/kulbear/wildfire/archive/pre-t1-cleanup-2026-09-04/runs/prototype-fire-belief-attention-t1-20655225	6850262	rejected
archive	archived	run-directory	/project/6085198/kulbear/wildfire/runs/prototype-fire-belief-attention-t5-20655226	/project/6085198/kulbear/wildfire/archive/pre-t1-cleanup-2026-09-04/runs/prototype-fire-belief-attention-t5-20655226	6809438	out-of-scope-t5
archive	archived	run-directory	/project/6085198/kulbear/wildfire/runs/prototype-fire-belief-attention-t5-20657719	/project/6085198/kulbear/wildfire/archive/pre-t1-cleanup-2026-09-04/runs/prototype-fire-belief-attention-t5-20657719	6815581	out-of-scope-t5
archive	archived	run-directory	/project/6085198/kulbear/wildfire/runs/prototype-fire-belief-attention-t5-20659234	/project/6085198/kulbear/wildfire/archive/pre-t1-cleanup-2026-09-04/runs/prototype-fire-belief-attention-t5-20659234	6863346	out-of-scope-t5
archive	archived	run-directory	/project/6085198/kulbear/wildfire/runs/prototype-fire-belief-filter-t1-20655223	/project/6085198/kulbear/wildfire/archive/pre-t1-cleanup-2026-09-04/runs/prototype-fire-belief-filter-t1-20655223	8425525	rejected
archive	archived	run-directory	/project/6085198/kulbear/wildfire/runs/prototype-fire-belief-filter-t5-20655224	/project/6085198/kulbear/wildfire/archive/pre-t1-cleanup-2026-09-04/runs/prototype-fire-belief-filter-t5-20655224	6809387	out-of-scope-t5
archive	archived	run-directory	/project/6085198/kulbear/wildfire/runs/prototype-fire-belief-filter-t5-20657718	/project/6085198/kulbear/wildfire/archive/pre-t1-cleanup-2026-09-04/runs/prototype-fire-belief-filter-t5-20657718	6815460	out-of-scope-t5
archive	archived	run-directory	/project/6085198/kulbear/wildfire/runs/prototype-fire-belief-filter-t5-20659221	/project/6085198/kulbear/wildfire/archive/pre-t1-cleanup-2026-09-04/runs/prototype-fire-belief-filter-t5-20659221	8430915	out-of-scope-t5
archive	archived	run-directory	/project/6085198/kulbear/wildfire/runs/prototype-fire-belief-reconstruction-t1-20655227	/project/6085198/kulbear/wildfire/archive/pre-t1-cleanup-2026-09-04/runs/prototype-fire-belief-reconstruction-t1-20655227	8426541	rejected
archive	archived	run-directory	/project/6085198/kulbear/wildfire/runs/prototype-fire-belief-reconstruction-t5-20655228	/project/6085198/kulbear/wildfire/archive/pre-t1-cleanup-2026-09-04/runs/prototype-fire-belief-reconstruction-t5-20655228	6809918	out-of-scope-t5
archive	archived	run-directory	/project/6085198/kulbear/wildfire/runs/prototype-fire-belief-reconstruction-t5-20659132	/project/6085198/kulbear/wildfire/archive/pre-t1-cleanup-2026-09-04/runs/prototype-fire-belief-reconstruction-t5-20659132	6814445	out-of-scope-t5
archive	archived	run-directory	/project/6085198/kulbear/wildfire/runs/prototype-fire-belief-reconstruction-t5-20659235	/project/6085198/kulbear/wildfire/archive/pre-t1-cleanup-2026-09-04/runs/prototype-fire-belief-reconstruction-t5-20659235	8511063	out-of-scope-t5
retain	active	slurm-log	/project/6085198/kulbear/wildfire/runs/slurm-B0-corrected-3K-21093263.out	-	1455418	retained-t1
retain	active	slurm-log	/project/6085198/kulbear/wildfire/runs/slurm-B02-heldout-2022-21098505.out	-	19816	retained-t1
retain	active	slurm-log	/project/6085198/kulbear/wildfire/runs/slurm-B02-heldout-2023-21098506.out	-	8044	retained-t1
archive	archived	slurm-log	/project/6085198/kulbear/wildfire/runs/slurm-B1-corrected-3K-21093264.out	/project/6085198/kulbear/wildfire/archive/pre-t1-cleanup-2026-09-04/runs/slurm-B1-corrected-3K-21093264.out	650788	out-of-scope-t5
archive	archived	slurm-log	/project/6085198/kulbear/wildfire/runs/slurm-B1-corrected-3K-r1-21096854.out	/project/6085198/kulbear/wildfire/archive/pre-t1-cleanup-2026-09-04/runs/slurm-B1-corrected-3K-r1-21096854.out	1428225	out-of-scope-t5
archive	archived	slurm-log	/project/6085198/kulbear/wildfire/runs/slurm-B1-corrected-3K-r2-21102675.out	/project/6085198/kulbear/wildfire/archive/pre-t1-cleanup-2026-09-04/runs/slurm-B1-corrected-3K-r2-21102675.out	1470853	out-of-scope-t5
archive	archived	slurm-log	/project/6085198/kulbear/wildfire/runs/slurm-B1-heldout-22-23-21104532.out	/project/6085198/kulbear/wildfire/archive/pre-t1-cleanup-2026-09-04/runs/slurm-B1-heldout-22-23-21104532.out	13818	out-of-scope-t5
retain	active	slurm-log	/project/6085198/kulbear/wildfire/runs/slurm-B2-corrected-3K-21093265.out	-	1455338	retained-t1
retain	active	slurm-log	/project/6085198/kulbear/wildfire/runs/slurm-B3-corrected-3K-21093266.out	-	1456594	retained-t1
retain	active	slurm-log	/project/6085198/kulbear/wildfire/runs/slurm-B3-heldout-22-23-21099907.out	-	14037	retained-t1
archive	archived	slurm-log	/project/6085198/kulbear/wildfire/runs/slurm-B4-corrected-3K-21094665.out	/project/6085198/kulbear/wildfire/archive/pre-t1-cleanup-2026-09-04/runs/slurm-B4-corrected-3K-21094665.out	1461119	rejected
archive	archived	slurm-log	/project/6085198/kulbear/wildfire/runs/slurm-B5-T5-FB-S0-3K-21144563.out	/project/6085198/kulbear/wildfire/archive/pre-t1-cleanup-2026-09-04/runs/slurm-B5-T5-FB-S0-3K-21144563.out	1469239	out-of-scope-t5
archive	archived	slurm-log	/project/6085198/kulbear/wildfire/runs/slurm-D1-ERM-3K-21094927.out	/project/6085198/kulbear/wildfire/archive/pre-t1-cleanup-2026-09-04/runs/slurm-D1-ERM-3K-21094927.out	3074	failed-retry
retain	active	slurm-log	/project/6085198/kulbear/wildfire/runs/slurm-D1-ERM-3K-r1-21102676.out	-	6473	retained-t1
archive	archived	slurm-log	/project/6085198/kulbear/wildfire/runs/slurm-D1-KL-3K-21094928.out	/project/6085198/kulbear/wildfire/archive/pre-t1-cleanup-2026-09-04/runs/slurm-D1-KL-3K-21094928.out	3071	failed-retry
retain	active	slurm-log	/project/6085198/kulbear/wildfire/runs/slurm-D1-KL-3K-r1-21102677.out	-	6446	retained-t1
retain	active	slurm-log	/project/6085198/kulbear/wildfire/runs/slurm-D1-heldout-pair-21105328.out	-	27955	retained-t1
archive	archived	slurm-log	/project/6085198/kulbear/wildfire/runs/slurm-D10-RPP-S0-3K-21120041.out	/project/6085198/kulbear/wildfire/archive/pre-t1-cleanup-2026-09-04/runs/slurm-D10-RPP-S0-3K-21120041.out	5133	rejected
archive	archived	slurm-log	/project/6085198/kulbear/wildfire/runs/slurm-D11-CRPP-S0-3K-21121610.out	/project/6085198/kulbear/wildfire/archive/pre-t1-cleanup-2026-09-04/runs/slurm-D11-CRPP-S0-3K-21121610.out	5147	rejected
retain	active	slurm-log	/project/6085198/kulbear/wildfire/runs/slurm-D12-HOLDOUT-21122938.out	-	28384	retained-t1
retain	active	slurm-log	/project/6085198/kulbear/wildfire/runs/slurm-D12-SARP-S0-3K-21122172.out	-	5142	retained-t1
archive	archived	slurm-log	/project/6085198/kulbear/wildfire/runs/slurm-D13-SARP-T5-EVAL21-21151982.out	/project/6085198/kulbear/wildfire/archive/pre-t1-cleanup-2026-09-04/runs/slurm-D13-SARP-T5-EVAL21-21151982.out	1474	out-of-scope-t5
archive	archived	slurm-log	/project/6085198/kulbear/wildfire/runs/slurm-D13-SARP-T5-EVAL21R2-21152302.out	/project/6085198/kulbear/wildfire/archive/pre-t1-cleanup-2026-09-04/runs/slurm-D13-SARP-T5-EVAL21R2-21152302.out	4235	out-of-scope-t5
archive	archived	slurm-log	/project/6085198/kulbear/wildfire/runs/slurm-D13-SARP-T5-S0-3K-21149785.out	/project/6085198/kulbear/wildfire/archive/pre-t1-cleanup-2026-09-04/runs/slurm-D13-SARP-T5-S0-3K-21149785.out	2973	out-of-scope-t5
archive	archived	slurm-log	/project/6085198/kulbear/wildfire/runs/slurm-D13-STD-T5-EVAL21-21151981.out	/project/6085198/kulbear/wildfire/archive/pre-t1-cleanup-2026-09-04/runs/slurm-D13-STD-T5-EVAL21-21151981.out	1471	out-of-scope-t5
archive	archived	slurm-log	/project/6085198/kulbear/wildfire/runs/slurm-D13-STD-T5-EVAL21R2-21152301.out	/project/6085198/kulbear/wildfire/archive/pre-t1-cleanup-2026-09-04/runs/slurm-D13-STD-T5-EVAL21R2-21152301.out	4238	out-of-scope-t5
archive	archived	slurm-log	/project/6085198/kulbear/wildfire/runs/slurm-D13-STD-T5-S0-3K-21149784.out	/project/6085198/kulbear/wildfire/archive/pre-t1-cleanup-2026-09-04/runs/slurm-D13-STD-T5-S0-3K-21149784.out	3092	out-of-scope-t5
archive	archived	slurm-log	/project/6085198/kulbear/wildfire/runs/slurm-D2-RNC-3K-21094930.out	/project/6085198/kulbear/wildfire/archive/pre-t1-cleanup-2026-09-04/runs/slurm-D2-RNC-3K-21094930.out	5532	rejected
retain	active	slurm-log	/project/6085198/kulbear/wildfire/runs/slurm-D2-STD-3K-21094929.out	-	5786	retained-t1
archive	archived	slurm-log	/project/6085198/kulbear/wildfire/runs/slurm-D4-TOKEN-3K-21103691.out	/project/6085198/kulbear/wildfire/archive/pre-t1-cleanup-2026-09-04/runs/slurm-D4-TOKEN-3K-21103691.out	5663	rejected
archive	archived	slurm-log	/project/6085198/kulbear/wildfire/runs/slurm-D5-CIWC-2021-21111043.out	/project/6085198/kulbear/wildfire/archive/pre-t1-cleanup-2026-09-04/runs/slurm-D5-CIWC-2021-21111043.out	6271	rejected
archive	archived	slurm-log	/project/6085198/kulbear/wildfire/runs/slurm-D6-CIRC-S0-3K-21112470.out	/project/6085198/kulbear/wildfire/archive/pre-t1-cleanup-2026-09-04/runs/slurm-D6-CIRC-S0-3K-21112470.out	6770	rejected
archive	archived	slurm-log	/project/6085198/kulbear/wildfire/runs/slurm-D7-CRA-S0-3K-21114921.out	/project/6085198/kulbear/wildfire/archive/pre-t1-cleanup-2026-09-04/runs/slurm-D7-CRA-S0-3K-21114921.out	6255	rejected
archive	archived	slurm-log	/project/6085198/kulbear/wildfire/runs/slurm-D8-FFCA-S0-3K-21116301.out	/project/6085198/kulbear/wildfire/archive/pre-t1-cleanup-2026-09-04/runs/slurm-D8-FFCA-S0-3K-21116301.out	6276	rejected
archive	archived	slurm-log	/project/6085198/kulbear/wildfire/runs/slurm-D9-CEPR-S0-3K-21117395.out	/project/6085198/kulbear/wildfire/archive/pre-t1-cleanup-2026-09-04/runs/slurm-D9-CEPR-S0-3K-21117395.out	6767	rejected
archive	archived	slurm-log	/project/6085198/kulbear/wildfire/runs/slurm-P00-M06-eval-20454658.out	/project/6085198/kulbear/wildfire/archive/pre-t1-cleanup-2026-09-04/runs/slurm-P00-M06-eval-20454658.out	3960	superseded
archive	archived	slurm-log	/project/6085198/kulbear/wildfire/runs/slurm-P01-FireDropMask-C00-20414716.out	/project/6085198/kulbear/wildfire/archive/pre-t1-cleanup-2026-09-04/runs/slurm-P01-FireDropMask-C00-20414716.out	4932049	rejected
archive	archived	slurm-log	/project/6085198/kulbear/wildfire/runs/slurm-P01-eval-2021-20414717.out	/project/6085198/kulbear/wildfire/archive/pre-t1-cleanup-2026-09-04/runs/slurm-P01-eval-2021-20414717.out	4003	rejected
archive	archived	slurm-log	/project/6085198/kulbear/wildfire/runs/slurm-P02-FireBlockDrop-20454659.out	/project/6085198/kulbear/wildfire/archive/pre-t1-cleanup-2026-09-04/runs/slurm-P02-FireBlockDrop-20454659.out	4926568	superseded
archive	archived	slurm-log	/project/6085198/kulbear/wildfire/runs/slurm-P02-eval-2021-20454660.out	/project/6085198/kulbear/wildfire/archive/pre-t1-cleanup-2026-09-04/runs/slurm-P02-eval-2021-20454660.out	4003	superseded
archive	archived	slurm-log	/project/6085198/kulbear/wildfire/runs/slurm-P03-final-2022-20464512.out	/project/6085198/kulbear/wildfire/archive/pre-t1-cleanup-2026-09-04/runs/slurm-P03-final-2022-20464512.out	10638	rejected
archive	archived	slurm-log	/project/6085198/kulbear/wildfire/runs/slurm-P03-final-2022-r1-20465333.out	/project/6085198/kulbear/wildfire/archive/pre-t1-cleanup-2026-09-04/runs/slurm-P03-final-2022-r1-20465333.out	12139	rejected
archive	archived	slurm-log	/project/6085198/kulbear/wildfire/runs/slurm-P03-final-2023-20464513.out	/project/6085198/kulbear/wildfire/archive/pre-t1-cleanup-2026-09-04/runs/slurm-P03-final-2023-20464513.out	4767	rejected
archive	archived	slurm-log	/project/6085198/kulbear/wildfire/runs/slurm-P03-final-2023-r1-20465334.out	/project/6085198/kulbear/wildfire/archive/pre-t1-cleanup-2026-09-04/runs/slurm-P03-final-2023-r1-20465334.out	6252	rejected
archive	archived	slurm-log	/project/6085198/kulbear/wildfire/runs/slurm-P03-spatial-router-20458324.out	/project/6085198/kulbear/wildfire/archive/pre-t1-cleanup-2026-09-04/runs/slurm-P03-spatial-router-20458324.out	3567	rejected
archive	archived	slurm-log	/project/6085198/kulbear/wildfire/runs/slurm-P04-residual-gate-20462018.out	/project/6085198/kulbear/wildfire/archive/pre-t1-cleanup-2026-09-04/runs/slurm-P04-residual-gate-20462018.out	3992	rejected
archive	archived	slurm-log	/project/6085198/kulbear/wildfire/runs/slurm-P05-residual-gate-20464221.out	/project/6085198/kulbear/wildfire/archive/pre-t1-cleanup-2026-09-04/runs/slurm-P05-residual-gate-20464221.out	4017	rejected
archive	archived	slurm-log	/project/6085198/kulbear/wildfire/runs/slurm-P06-last-block-router-20464346.out	/project/6085198/kulbear/wildfire/archive/pre-t1-cleanup-2026-09-04/runs/slurm-P06-last-block-router-20464346.out	1897	failed-retry
archive	archived	slurm-log	/project/6085198/kulbear/wildfire/runs/slurm-P06-last-block-router-r1-20464396.out	/project/6085198/kulbear/wildfire/archive/pre-t1-cleanup-2026-09-04/runs/slurm-P06-last-block-router-r1-20464396.out	3998	rejected
archive	archived	slurm-log	/project/6085198/kulbear/wildfire/runs/slurm-P07-stochastic-belief-20558998.out	/project/6085198/kulbear/wildfire/archive/pre-t1-cleanup-2026-09-04/runs/slurm-P07-stochastic-belief-20558998.out	5191	rejected
archive	archived	slurm-log	/project/6085198/kulbear/wildfire/runs/slurm-P08-teacher-belief-20561688.out	/project/6085198/kulbear/wildfire/archive/pre-t1-cleanup-2026-09-04/runs/slurm-P08-teacher-belief-20561688.out	7051	rejected
archive	archived	slurm-log	/project/6085198/kulbear/wildfire/runs/slurm-P09-GroupDRO-20563415.out	/project/6085198/kulbear/wildfire/archive/pre-t1-cleanup-2026-09-04/runs/slurm-P09-GroupDRO-20563415.out	1199	failed-retry
archive	archived	slurm-log	/project/6085198/kulbear/wildfire/runs/slurm-P09-GroupDRO-20563639.out	/project/6085198/kulbear/wildfire/archive/pre-t1-cleanup-2026-09-04/runs/slurm-P09-GroupDRO-20563639.out	462	failed-retry
archive	archived	slurm-log	/project/6085198/kulbear/wildfire/runs/slurm-P09-GroupDRO-20563807.out	/project/6085198/kulbear/wildfire/archive/pre-t1-cleanup-2026-09-04/runs/slurm-P09-GroupDRO-20563807.out	1199	failed-retry
archive	archived	slurm-log	/project/6085198/kulbear/wildfire/runs/slurm-P09-GroupDRO-20563978.out	/project/6085198/kulbear/wildfire/archive/pre-t1-cleanup-2026-09-04/runs/slurm-P09-GroupDRO-20563978.out	15622	superseded
archive	archived	slurm-log	/project/6085198/kulbear/wildfire/runs/slurm-P09-fixed-2022-20564992.out	/project/6085198/kulbear/wildfire/archive/pre-t1-cleanup-2026-09-04/runs/slurm-P09-fixed-2022-20564992.out	15599	superseded
archive	archived	slurm-log	/project/6085198/kulbear/wildfire/runs/slurm-P09-fixed-2023-20564993.out	/project/6085198/kulbear/wildfire/archive/pre-t1-cleanup-2026-09-04/runs/slurm-P09-fixed-2023-20564993.out	9698	superseded
archive	archived	slurm-log	/project/6085198/kulbear/wildfire/runs/slurm-P10-ERM-2022-20582647.out	/project/6085198/kulbear/wildfire/archive/pre-t1-cleanup-2026-09-04/runs/slurm-P10-ERM-2022-20582647.out	18623	superseded
archive	archived	slurm-log	/project/6085198/kulbear/wildfire/runs/slurm-P10-ERM-2023-20582648.out	/project/6085198/kulbear/wildfire/archive/pre-t1-cleanup-2026-09-04/runs/slurm-P10-ERM-2023-20582648.out	12720	superseded
archive	archived	slurm-log	/project/6085198/kulbear/wildfire/runs/slurm-P10-matched-ERM-20566466.out	/project/6085198/kulbear/wildfire/archive/pre-t1-cleanup-2026-09-04/runs/slurm-P10-matched-ERM-20566466.out	18612	superseded
archive	archived	slurm-log	/project/6085198/kulbear/wildfire/runs/slurm-P11-router-2021-20588449.out	/project/6085198/kulbear/wildfire/archive/pre-t1-cleanup-2026-09-04/runs/slurm-P11-router-2021-20588449.out	15704	rejected
archive	archived	slurm-log	/project/6085198/kulbear/wildfire/runs/slurm-P12-corrected-alpha-20591988.out	/project/6085198/kulbear/wildfire/archive/pre-t1-cleanup-2026-09-04/runs/slurm-P12-corrected-alpha-20591988.out	1578	failed-retry
archive	archived	slurm-log	/project/6085198/kulbear/wildfire/runs/slurm-P12-corrected-alpha-20595907.out	/project/6085198/kulbear/wildfire/archive/pre-t1-cleanup-2026-09-04/runs/slurm-P12-corrected-alpha-20595907.out	24722	rejected
archive	archived	slurm-log	/project/6085198/kulbear/wildfire/runs/slurm-P13-eval-2022-20612762.out	/project/6085198/kulbear/wildfire/archive/pre-t1-cleanup-2026-09-04/runs/slurm-P13-eval-2022-20612762.out	21751	rejected
archive	archived	slurm-log	/project/6085198/kulbear/wildfire/runs/slurm-P13-eval-2023-20612763.out	/project/6085198/kulbear/wildfire/archive/pre-t1-cleanup-2026-09-04/runs/slurm-P13-eval-2023-20612763.out	15842	rejected
archive	archived	slurm-log	/project/6085198/kulbear/wildfire/runs/slurm-P13-fire-only-20611586.out	/project/6085198/kulbear/wildfire/archive/pre-t1-cleanup-2026-09-04/runs/slurm-P13-fire-only-20611586.out	21806	rejected
archive	archived	slurm-log	/project/6085198/kulbear/wildfire/runs/slurm-belief-attention-t1-20653451.out	/project/6085198/kulbear/wildfire/archive/pre-t1-cleanup-2026-09-04/runs/slurm-belief-attention-t1-20653451.out	139	failed-retry
archive	archived	slurm-log	/project/6085198/kulbear/wildfire/runs/slurm-belief-attention-t1-20655225.out	/project/6085198/kulbear/wildfire/archive/pre-t1-cleanup-2026-09-04/runs/slurm-belief-attention-t1-20655225.out	10499	rejected
archive	archived	slurm-log	/project/6085198/kulbear/wildfire/runs/slurm-belief-attention-t5-20653452.out	/project/6085198/kulbear/wildfire/archive/pre-t1-cleanup-2026-09-04/runs/slurm-belief-attention-t5-20653452.out	139	out-of-scope-t5
archive	archived	slurm-log	/project/6085198/kulbear/wildfire/runs/slurm-belief-attention-t5-20655226.out	/project/6085198/kulbear/wildfire/archive/pre-t1-cleanup-2026-09-04/runs/slurm-belief-attention-t5-20655226.out	1077	out-of-scope-t5
archive	archived	slurm-log	/project/6085198/kulbear/wildfire/runs/slurm-belief-attention-t5-b32-20657719.out	/project/6085198/kulbear/wildfire/archive/pre-t1-cleanup-2026-09-04/runs/slurm-belief-attention-t5-b32-20657719.out	1710	out-of-scope-t5
archive	archived	slurm-log	/project/6085198/kulbear/wildfire/runs/slurm-belief-attention-t5-b32-2h-20659234.out	/project/6085198/kulbear/wildfire/archive/pre-t1-cleanup-2026-09-04/runs/slurm-belief-attention-t5-b32-2h-20659234.out	3230	out-of-scope-t5
archive	archived	slurm-log	/project/6085198/kulbear/wildfire/runs/slurm-belief-filter-t1-20653449.out	/project/6085198/kulbear/wildfire/archive/pre-t1-cleanup-2026-09-04/runs/slurm-belief-filter-t1-20653449.out	139	failed-retry
archive	archived	slurm-log	/project/6085198/kulbear/wildfire/runs/slurm-belief-filter-t1-20655223.out	/project/6085198/kulbear/wildfire/archive/pre-t1-cleanup-2026-09-04/runs/slurm-belief-filter-t1-20655223.out	10452	rejected
archive	archived	slurm-log	/project/6085198/kulbear/wildfire/runs/slurm-belief-filter-t5-20653450.out	/project/6085198/kulbear/wildfire/archive/pre-t1-cleanup-2026-09-04/runs/slurm-belief-filter-t5-20653450.out	139	out-of-scope-t5
archive	archived	slurm-log	/project/6085198/kulbear/wildfire/runs/slurm-belief-filter-t5-20655224.out	/project/6085198/kulbear/wildfire/archive/pre-t1-cleanup-2026-09-04/runs/slurm-belief-filter-t5-20655224.out	1077	out-of-scope-t5
archive	archived	slurm-log	/project/6085198/kulbear/wildfire/runs/slurm-belief-filter-t5-b32-20657718.out	/project/6085198/kulbear/wildfire/archive/pre-t1-cleanup-2026-09-04/runs/slurm-belief-filter-t5-b32-20657718.out	1640	out-of-scope-t5
archive	archived	slurm-log	/project/6085198/kulbear/wildfire/runs/slurm-belief-filter-t5-b32-2h-20659221.out	/project/6085198/kulbear/wildfire/archive/pre-t1-cleanup-2026-09-04/runs/slurm-belief-filter-t5-b32-2h-20659221.out	3227	out-of-scope-t5
archive	archived	slurm-log	/project/6085198/kulbear/wildfire/runs/slurm-belief-filter-unit-20651743.out	/project/6085198/kulbear/wildfire/archive/pre-t1-cleanup-2026-09-04/runs/slurm-belief-filter-unit-20651743.out	98	rejected
archive	archived	slurm-log	/project/6085198/kulbear/wildfire/runs/slurm-belief-focused-fix-20653344.out	/project/6085198/kulbear/wildfire/archive/pre-t1-cleanup-2026-09-04/runs/slurm-belief-focused-fix-20653344.out	99	rejected
archive	archived	slurm-log	/project/6085198/kulbear/wildfire/runs/slurm-belief-focused-tests-20652580.out	/project/6085198/kulbear/wildfire/archive/pre-t1-cleanup-2026-09-04/runs/slurm-belief-focused-tests-20652580.out	99	rejected
archive	archived	slurm-log	/project/6085198/kulbear/wildfire/runs/slurm-belief-reconstruction-t1-20653453.out	/project/6085198/kulbear/wildfire/archive/pre-t1-cleanup-2026-09-04/runs/slurm-belief-reconstruction-t1-20653453.out	139	failed-retry
archive	archived	slurm-log	/project/6085198/kulbear/wildfire/runs/slurm-belief-reconstruction-t1-20655227.out	/project/6085198/kulbear/wildfire/archive/pre-t1-cleanup-2026-09-04/runs/slurm-belief-reconstruction-t1-20655227.out	10326	rejected
archive	archived	slurm-log	/project/6085198/kulbear/wildfire/runs/slurm-belief-reconstruction-t5-20653454.out	/project/6085198/kulbear/wildfire/archive/pre-t1-cleanup-2026-09-04/runs/slurm-belief-reconstruction-t5-20653454.out	139	out-of-scope-t5
archive	archived	slurm-log	/project/6085198/kulbear/wildfire/runs/slurm-belief-reconstruction-t5-20655228.out	/project/6085198/kulbear/wildfire/archive/pre-t1-cleanup-2026-09-04/runs/slurm-belief-reconstruction-t5-20655228.out	1474	out-of-scope-t5
archive	archived	slurm-log	/project/6085198/kulbear/wildfire/runs/slurm-belief-reconstruction-t5-b32-20659132.out	/project/6085198/kulbear/wildfire/archive/pre-t1-cleanup-2026-09-04/runs/slurm-belief-reconstruction-t5-b32-20659132.out	489	out-of-scope-t5
archive	archived	slurm-log	/project/6085198/kulbear/wildfire/runs/slurm-belief-reconstruction-t5-b32-2h-20659235.out	/project/6085198/kulbear/wildfire/archive/pre-t1-cleanup-2026-09-04/runs/slurm-belief-reconstruction-t5-b32-2h-20659235.out	3015	out-of-scope-t5
archive	archived	slurm-log	/project/6085198/kulbear/wildfire/runs/slurm-qa-cohort-prepare-20828982.out	/project/6085198/kulbear/wildfire/archive/pre-t1-cleanup-2026-09-04/runs/slurm-qa-cohort-prepare-20828982.out	2373	failed-retry
archive	archived	slurm-log	/project/6085198/kulbear/wildfire/runs/slurm-qa-cohort-prepare-r1-20842976.out	/project/6085198/kulbear/wildfire/archive/pre-t1-cleanup-2026-09-04/runs/slurm-qa-cohort-prepare-r1-20842976.out	2346	out-of-scope-data-probe
archive	archived	slurm-log	/project/6085198/kulbear/wildfire/runs/slurm-viirs-align-6-20799679.out	/project/6085198/kulbear/wildfire/archive/pre-t1-cleanup-2026-09-04/runs/slurm-viirs-align-6-20799679.out	982	out-of-scope-data-probe
archive	archived	slurm-log	/project/6085198/kulbear/wildfire/runs/slurm-viirs-align-6-20799737.out	/project/6085198/kulbear/wildfire/archive/pre-t1-cleanup-2026-09-04/runs/slurm-viirs-align-6-20799737.out	2353	out-of-scope-data-probe
archive	archived	slurm-log	/project/6085198/kulbear/wildfire/runs/slurm-viirs-auth-curl-20799548.out	/project/6085198/kulbear/wildfire/archive/pre-t1-cleanup-2026-09-04/runs/slurm-viirs-auth-curl-20799548.out	1038	out-of-scope-data-probe
archive	archived	slurm-log	/project/6085198/kulbear/wildfire/runs/slurm-viirs-auth-diag-20799478.out	/project/6085198/kulbear/wildfire/archive/pre-t1-cleanup-2026-09-04/runs/slurm-viirs-auth-diag-20799478.out	1088	out-of-scope-data-probe
archive	archived	slurm-log	/project/6085198/kulbear/wildfire/runs/slurm-viirs-auth-probe-20799472.out	/project/6085198/kulbear/wildfire/archive/pre-t1-cleanup-2026-09-04/runs/slurm-viirs-auth-probe-20799472.out	1113	out-of-scope-data-probe
archive	archived	slurm-log	/project/6085198/kulbear/wildfire/runs/slurm-viirs-auth-recheck-20799616.out	/project/6085198/kulbear/wildfire/archive/pre-t1-cleanup-2026-09-04/runs/slurm-viirs-auth-recheck-20799616.out	2136	out-of-scope-data-probe
archive	archived	slurm-log	/project/6085198/kulbear/wildfire/runs/slurm-viirs-cover-6-20799949.out	/project/6085198/kulbear/wildfire/archive/pre-t1-cleanup-2026-09-04/runs/slurm-viirs-cover-6-20799949.out	3794	out-of-scope-data-probe
archive	archived	slurm-log	/project/6085198/kulbear/wildfire/runs/slurm-viirs-date-audit-20807868.out	/project/6085198/kulbear/wildfire/archive/pre-t1-cleanup-2026-09-04/runs/slurm-viirs-date-audit-20807868.out	156	out-of-scope-data-probe
archive	archived	slurm-log	/project/6085198/kulbear/wildfire/runs/slurm-viirs-date-pos-20807891.out	/project/6085198/kulbear/wildfire/archive/pre-t1-cleanup-2026-09-04/runs/slurm-viirs-date-pos-20807891.out	4482	out-of-scope-data-probe
archive	archived	slurm-log	/project/6085198/kulbear/wildfire/runs/slurm-viirs-final-verify-20814726.out	/project/6085198/kulbear/wildfire/archive/pre-t1-cleanup-2026-09-04/runs/slurm-viirs-final-verify-20814726.out	120	out-of-scope-data-probe
archive	archived	slurm-log	/project/6085198/kulbear/wildfire/runs/slurm-viirs-geo-structure-20799663.out	/project/6085198/kulbear/wildfire/archive/pre-t1-cleanup-2026-09-04/runs/slurm-viirs-geo-structure-20799663.out	3874	out-of-scope-data-probe
archive	archived	slurm-log	/project/6085198/kulbear/wildfire/runs/slurm-viirs-get-diag-20795496.out	/project/6085198/kulbear/wildfire/archive/pre-t1-cleanup-2026-09-04/runs/slurm-viirs-get-diag-20795496.out	516	out-of-scope-data-probe
archive	archived	slurm-log	/project/6085198/kulbear/wildfire/runs/slurm-viirs-license-diag-20795530.out	/project/6085198/kulbear/wildfire/archive/pre-t1-cleanup-2026-09-04/runs/slurm-viirs-license-diag-20795530.out	1016	out-of-scope-data-probe
archive	archived	slurm-log	/project/6085198/kulbear/wildfire/runs/slurm-viirs-map-audit-20807539.out	/project/6085198/kulbear/wildfire/archive/pre-t1-cleanup-2026-09-04/runs/slurm-viirs-map-audit-20807539.out	1627	out-of-scope-data-probe
archive	archived	slurm-log	/project/6085198/kulbear/wildfire/runs/slurm-viirs-model-green-20807914.out	/project/6085198/kulbear/wildfire/archive/pre-t1-cleanup-2026-09-04/runs/slurm-viirs-model-green-20807914.out	98	out-of-scope-data-probe
archive	archived	slurm-log	/project/6085198/kulbear/wildfire/runs/slurm-viirs-model-red-20807903.out	/project/6085198/kulbear/wildfire/archive/pre-t1-cleanup-2026-09-04/runs/slurm-viirs-model-red-20807903.out	1011	out-of-scope-data-probe
archive	archived	slurm-log	/project/6085198/kulbear/wildfire/runs/slurm-viirs-prov-spike-20795330.out	/project/6085198/kulbear/wildfire/archive/pre-t1-cleanup-2026-09-04/runs/slurm-viirs-prov-spike-20795330.out	4675	out-of-scope-data-probe
archive	archived	slurm-log	/project/6085198/kulbear/wildfire/runs/slurm-viirs-rel-24-20800846.out	/project/6085198/kulbear/wildfire/archive/pre-t1-cleanup-2026-09-04/runs/slurm-viirs-rel-24-20800846.out	27165	out-of-scope-data-probe
archive	archived	slurm-log	/project/6085198/kulbear/wildfire/runs/slurm-viirs-rel-24-20800889.out	/project/6085198/kulbear/wildfire/archive/pre-t1-cleanup-2026-09-04/runs/slurm-viirs-rel-24-20800889.out	21474	out-of-scope-data-probe
archive	archived	slurm-log	/project/6085198/kulbear/wildfire/runs/slurm-viirs-rel-24r1-20804128.out	/project/6085198/kulbear/wildfire/archive/pre-t1-cleanup-2026-09-04/runs/slurm-viirs-rel-24r1-20804128.out	27167	out-of-scope-data-probe
archive	archived	slurm-log	/project/6085198/kulbear/wildfire/runs/slurm-viirs-rel-env-20800642.out	/project/6085198/kulbear/wildfire/archive/pre-t1-cleanup-2026-09-04/runs/slurm-viirs-rel-env-20800642.out	19	out-of-scope-data-probe
archive	archived	slurm-log	/project/6085198/kulbear/wildfire/runs/slurm-viirs-rel-env2-20800644.out	/project/6085198/kulbear/wildfire/archive/pre-t1-cleanup-2026-09-04/runs/slurm-viirs-rel-env2-20800644.out	233	out-of-scope-data-probe
archive	archived	slurm-log	/project/6085198/kulbear/wildfire/runs/slurm-viirs-rel-green-20800771.out	/project/6085198/kulbear/wildfire/archive/pre-t1-cleanup-2026-09-04/runs/slurm-viirs-rel-green-20800771.out	3731	out-of-scope-data-probe
archive	archived	slurm-log	/project/6085198/kulbear/wildfire/runs/slurm-viirs-rel-green2-20800787.out	/project/6085198/kulbear/wildfire/archive/pre-t1-cleanup-2026-09-04/runs/slurm-viirs-rel-green2-20800787.out	98	out-of-scope-data-probe
archive	archived	slurm-log	/project/6085198/kulbear/wildfire/runs/slurm-viirs-rel-model24-20807932.out	/project/6085198/kulbear/wildfire/archive/pre-t1-cleanup-2026-09-04/runs/slurm-viirs-rel-model24-20807932.out	27383	out-of-scope-data-probe
archive	archived	slurm-log	/project/6085198/kulbear/wildfire/runs/slurm-viirs-rel-red-20800617.out	/project/6085198/kulbear/wildfire/archive/pre-t1-cleanup-2026-09-04/runs/slurm-viirs-rel-red-20800617.out	99	out-of-scope-data-probe
archive	archived	slurm-log	/project/6085198/kulbear/wildfire/runs/slurm-viirs-rel-red2-20800655.out	/project/6085198/kulbear/wildfire/archive/pre-t1-cleanup-2026-09-04/runs/slurm-viirs-rel-red2-20800655.out	1949	out-of-scope-data-probe
archive	archived	slurm-log	/project/6085198/kulbear/wildfire/runs/slurm-viirs-rel-result-verify-20807473.out	/project/6085198/kulbear/wildfire/archive/pre-t1-cleanup-2026-09-04/runs/slurm-viirs-rel-result-verify-20807473.out	78	out-of-scope-data-probe
archive	archived	slurm-log	/project/6085198/kulbear/wildfire/runs/slurm-viirs-rel-retry-green-20804110.out	/project/6085198/kulbear/wildfire/archive/pre-t1-cleanup-2026-09-04/runs/slurm-viirs-rel-retry-green-20804110.out	98	out-of-scope-data-probe
archive	archived	slurm-log	/project/6085198/kulbear/wildfire/runs/slurm-viirs-rel-retry-red-20804100.out	/project/6085198/kulbear/wildfire/archive/pre-t1-cleanup-2026-09-04/runs/slurm-viirs-rel-retry-red-20804100.out	995	out-of-scope-data-probe
archive	archived	slurm-log	/project/6085198/kulbear/wildfire/runs/slurm-viirs-rel-retry-red-20804102.out	/project/6085198/kulbear/wildfire/archive/pre-t1-cleanup-2026-09-04/runs/slurm-viirs-rel-retry-red-20804102.out	995	out-of-scope-data-probe
archive	archived	slurm-log	/project/6085198/kulbear/wildfire/runs/slurm-viirs-rel-screenh100-20814289.out	/project/6085198/kulbear/wildfire/archive/pre-t1-cleanup-2026-09-04/runs/slurm-viirs-rel-screenh100-20814289.out	1500	out-of-scope-data-probe
archive	archived	slurm-log	/project/6085198/kulbear/wildfire/runs/slurm-viirs-rel-verify-20800805.out	/project/6085198/kulbear/wildfire/archive/pre-t1-cleanup-2026-09-04/runs/slurm-viirs-rel-verify-20800805.out	119	out-of-scope-data-probe
archive	archived	slurm-log	/project/6085198/kulbear/wildfire/runs/slurm-viirs-screen-env-20807985.out	/project/6085198/kulbear/wildfire/archive/pre-t1-cleanup-2026-09-04/runs/slurm-viirs-screen-env-20807985.out	19	out-of-scope-data-probe
archive	archived	slurm-log	/project/6085198/kulbear/wildfire/runs/slurm-viirs-screen-green-20808049.out	/project/6085198/kulbear/wildfire/archive/pre-t1-cleanup-2026-09-04/runs/slurm-viirs-screen-green-20808049.out	98	out-of-scope-data-probe
archive	archived	slurm-log	/project/6085198/kulbear/wildfire/runs/slurm-viirs-screen-red-20808005.out	/project/6085198/kulbear/wildfire/archive/pre-t1-cleanup-2026-09-04/runs/slurm-viirs-screen-red-20808005.out	1402	out-of-scope-data-probe
archive	archived	slurm-log	/project/6085198/kulbear/wildfire/runs/slurm-viirs-struct-spike-20795494.out	/project/6085198/kulbear/wildfire/archive/pre-t1-cleanup-2026-09-04/runs/slurm-viirs-struct-spike-20795494.out	737	out-of-scope-data-probe
archive	archived	run-directory	/project/6085198/kulbear/wildfire/runs/target-qa-cohort-prepare-20828982	/project/6085198/kulbear/wildfire/archive/pre-t1-cleanup-2026-09-04/runs/target-qa-cohort-prepare-20828982	6922390	failed-retry
archive	archived	run-directory	/project/6085198/kulbear/wildfire/runs/target-qa-cohort-prepare-20842976	/project/6085198/kulbear/wildfire/archive/pre-t1-cleanup-2026-09-04/runs/target-qa-cohort-prepare-20842976	6924222	out-of-scope-data-probe
archive	archived	run-directory	/project/6085198/kulbear/wildfire/runs/viirs-reliability-24-20800846	/project/6085198/kulbear/wildfire/archive/pre-t1-cleanup-2026-09-04/runs/viirs-reliability-24-20800846	7490947	out-of-scope-data-probe
archive	archived	run-directory	/project/6085198/kulbear/wildfire/runs/viirs-reliability-24-20800889	/project/6085198/kulbear/wildfire/archive/pre-t1-cleanup-2026-09-04/runs/viirs-reliability-24-20800889	7110539	out-of-scope-data-probe
archive	archived	run-directory	/project/6085198/kulbear/wildfire/runs/viirs-reliability-24-20804128	/project/6085198/kulbear/wildfire/archive/pre-t1-cleanup-2026-09-04/runs/viirs-reliability-24-20804128	7493532	out-of-scope-data-probe
archive	archived	run-directory	/project/6085198/kulbear/wildfire/runs/viirs-reliability-24-model-20807932	/project/6085198/kulbear/wildfire/archive/pre-t1-cleanup-2026-09-04/runs/viirs-reliability-24-model-20807932	7454337	out-of-scope-data-probe
archive	archived	run-directory	/project/6085198/kulbear/wildfire/runs/viirs-reliability-24-target-20823563	/project/6085198/kulbear/wildfire/archive/pre-t1-cleanup-2026-09-04/runs/viirs-reliability-24-target-20823563	7468711	out-of-scope-data-probe
archive	archived	run-directory	/project/6085198/kulbear/wildfire/runs/viirs-reliability-screen-20814289	/project/6085198/kulbear/wildfire/archive/pre-t1-cleanup-2026-09-04/runs/viirs-reliability-screen-20814289	6902114	out-of-scope-data-probe
archive	archived	run-directory	/project/6085198/kulbear/wildfire/runs/viirs-target-quality-20823565	/project/6085198/kulbear/wildfire/archive/pre-t1-cleanup-2026-09-04/runs/viirs-target-quality-20823565	6991599	out-of-scope-data-probe
